Country Name,Country Code,Indicator Name,Indicator Code,1960,1961,1962,1963,1964,1965,1966,1967,1968,1969,1970,1971,1972,1973,1974,1975,1976,1977,1978,1979,1980,1981,1982,1983,1984,1985,1986,1987,1988,1989,1990,1991,1992,1993,1994,1995,1996,1997,1998,1999,2000,2001,2002,2003,2004,2005,2006,2007,2008,2009,2010,2011,2012,2013,2014,2015,2016,
Colombia,COL,Completeness of death registration with cause-of-death information (%),SP.REG.DTHS.ZS,,,,,,,,,,,,,,,,,,,,,,,,,,,,,,,,,79.9,,,,,88.1,,,,,93.1,,,,,,98.5,,98,,,,,,,
Colombia,COL,Completeness of birth registration (%),SP.REG.BRTH.ZS,,,,,,,,,,,,,,,,,,,,,,,,,,,,,,,,,,,,,,,,,,,,,,90.4,,,,,96.5,,,,,,,
Colombia,COL,"Completeness of birth registration, urban (%)",SP.REG.BRTH.UR.ZS,,,,,,,,,,,,,,,,,,,,,,,,,,,,,,,,,,,,,,,,,,,,,,96.7,,,,,97.2,,,,,,,
Colombia,COL,"Completeness of birth registration, rural (%)",SP.REG.BRTH.RU.ZS,,,,,,,,,,,,,,,,,,,,,,,,,,,,,,,,,,,,,,,,,,,,,,76.5,,,,,94.6,,,,,,,
Colombia,COL,"Population, female (% of total)",SP.POP.TOTL.FE.ZS,50.3267399594572,50.3185225711009,50.3102656283375,50.3016599950271,50.2923209657188,50.2821321526811,50.2708926680088,50.2590347307461,50.2477653616988,50.2385097204646,50.2320815164569,50.2289626192973,50.2285477610018,50.229286736935,50.2291843588047,50.2270693960961,50.2225292547465,50.2165170103027,50.2108430961809,50.2078521002998,50.2090082145713,50.2147713234373,50.2243726375142,50.2365573244348,50.2496434770753,50.2625752111639,50.2748203492415,50.2869108546919,50.300093708872,50.3160201141776,50.3356062284058,50.3591340207012,50.3856371733453,50.413281661614,50.4397200931719,50.463380942995,50.4838808022489,50.5017892293493,50.5177172721283,50.5325950276498,50.5471060397819,50.5612872008865,50.5750112219635,50.588578560423,50.602320836898,50.6164677815985,50.6311561633356,50.6463431697834,50.6618552632575,50.6774245426904,50.6928672856049,50.7081559316135,50.7233609986882,50.7385151011579,50.7536744116247,50.7688719978874,,
Colombia,COL,"Population, total",SP.POP.TOTL,16480384,16982313,17500166,18033548,18581972,19144220,19721464,20311369,20905061,21490948,22061214,22611988,23146803,23674505,24208022,24756969,25323412,25905124,26502172,27113510,27737905,28375995,29027158,29687096,30350082,31011686,31669780,32324326,32975533,33624442,34271563,34916770,35558683,36195170,36823539,37441980,38049040,38645409,39234059,39819279,40403959,40988909,41572493,42152147,42724157,43285636,43835744,44374647,44901660,45416276,45918101,46406446,46881018,47342363,47791393,48228704,,
Colombia,COL,Population growth (annual %),SP.POP.GROW,2.9901466432046,3.00015655067607,3.00379759112682,3.0023434396411,2.99580623882384,2.98089790078598,2.97067433785237,2.94731927699696,2.88105042267136,2.76405404561462,2.61892208201799,2.46591640784282,2.33764635223623,2.25420590790263,2.22853351134456,2.24229593011918,2.26223181943377,2.27114436444064,2.27859049215989,2.28054357514919,2.27677616747188,2.27436519422461,2.26883332526278,2.24805987625228,2.20867460328366,2.15648818785453,2.09988126966306,2.04571598165918,1.99457885273546,1.94873807555982,1.90627002615686,1.86512863066283,1.82171444073879,1.77413105510444,1.72116029118369,1.66552473991989,1.60833192024019,1.55521299906191,1.51172375843346,1.48059703891801,1.45765832224384,1.43737426987542,1.41372046852159,1.38468976805349,1.34788776903394,1.30563499013098,1.26287097636306,1.22187351991691,1.18064722772051,1.13957778918184,1.09888536231866,1.05789753706056,1.01744880528768,0.97926582949045,0.944004217769977,0.910880195521804,,
Colombia,COL,"Age dependency ratio, young (% of working-age population)",SP.POP.DPND.YG,92.1729237578386,92.9255735255494,93.5676767695237,94.0107461460071,94.1536820595925,93.9702010323945,93.9916644734996,93.6190483043611,92.9243428933596,91.9505257587555,90.692214661331,89.5100805744919,87.8553116662828,85.9140010589227,83.9363158017437,82.0582025558382,79.8452123960063,78.0895948706455,76.5319541039188,74.8489176984077,72.9478754831097,71.5692051486695,69.8351581515915,68.0080402502109,66.41730814737,65.172972247729,64.1559623245145,63.3511958092708,62.6730866994393,61.9662183841699,61.1489439251259,60.2169582365381,59.2824974109316,58.2961841711301,57.2129583484081,56.0187066043787,54.8460805309235,53.5142017982688,52.1052192907045,50.7409397511485,49.4818199164827,48.1980518913159,47.0798995562297,46.0561237233821,45.0194503077197,43.925986001317,42.9787466169767,41.9294307570572,40.8509082306296,39.846549320352,38.9579163998732,38.1003238017473,37.3601704390059,36.6956968545249,36.0404680977312,35.3651963801355,,
Colombia,COL,"Age dependency ratio, old (% of working-age population)",SP.POP.DPND.OL,6.29620200603294,6.36829701585755,6.42366083070814,6.46422937206538,6.49185722550705,6.50843306447821,6.56072889891893,6.59515955878562,6.61597596932596,6.62861950892592,6.63706353697829,6.67692082377067,6.70435957912149,6.72062773106488,6.72643196981659,6.72264088847055,6.74914126214662,6.76517405629077,6.76860339534724,6.75600749152274,6.72800982267812,6.726824622299,6.70951877590194,6.68872176486764,6.68014636875886,6.69164304003053,6.73891139802799,6.7987492915535,6.86372103602359,6.92298504428009,6.97125432698451,7.02622871529401,7.07041990088723,7.10732263179118,7.14149201109719,7.17604884460606,7.22973495356443,7.28125901201274,7.3324729275539,7.38497531193602,7.4407202598103,7.51247502829,7.58932793498047,7.67266720600903,7.76281159524564,7.86154585571247,7.98307410424182,8.11288912157984,8.26045411332231,8.4384650478549,8.65509661111897,8.90687956435145,9.19159730174294,9.51049435670418,9.86347220740701,10.2498507956674,,
Colombia,COL,Age dependency ratio (% of working-age population),SP.POP.DPND,98.4691257638716,99.293870541407,99.9913376002319,100.474975518073,100.6455392851,100.478634096873,100.552393372418,100.214207863147,99.5403188626855,98.5791452676815,97.3292781983093,96.1870013982626,94.5596712454043,92.6346287899876,90.6627477715603,88.7808434443088,86.5943536581529,84.8547689269362,83.300557499266,81.6049251899304,79.6758853057879,78.2960297709685,76.5446769274934,74.6967620150786,73.0974545161289,71.8646152877595,70.8948737225425,70.1499451008243,69.5368077354629,68.88920342845,68.1201982521104,67.2431869518321,66.3529173118188,65.4035068029213,64.3544503595053,63.1947554489848,62.0758154844879,60.7954608102815,59.4376922182584,58.1259150630845,56.922540176293,55.710526919606,54.6692274912102,53.7287909293911,52.7822619029654,51.7875318570294,50.9618207212185,50.042319878637,49.1113623439519,48.2850143682069,47.6130130109922,47.0072033660987,46.5517677407488,46.2061912112291,45.9039403051382,45.6150471758029,,
Colombia,COL,"Population ages 80 and above, male (% of male population)",SP.POP.80UP.MA.5Y,0.275153352949738,0.291013556374593,0.30207735102957,0.307206550407281,0.305943691593524,0.298273877827263,0.313867984976099,0.325099170341377,0.33108237062093,0.331665266532867,0.327085060240495,0.344706221781139,0.358586866889455,0.367691677055947,0.371265208286809,0.368803829879053,0.387248148683483,0.400210197005028,0.407678302608033,0.410595272036028,0.409449642161475,0.428879227049034,0.44459440285982,0.455381697859265,0.460604927097816,0.460341637614236,0.483367417340324,0.500914127522084,0.512422836827248,0.518311996538252,0.519160009503686,0.545341665576739,0.565864352399288,0.579423988091823,0.585347308901012,0.584052042402919,0.609997405576364,0.629674042043238,0.643863152127852,0.654009805476448,0.661025386860178,0.696329901681224,0.726648886466279,0.750740290402681,0.767979063662562,0.778696607818037,0.818415799493559,0.852975531027553,0.881692340845392,0.904190567013373,0.920745240725645,0.961910010814179,0.997533048877139,1.02758602976278,1.05214228460361,1.07131478105513,,
Colombia,COL,"Population ages 80 and above, female (% of female population)",SP.POP.80UP.FE.5Y,0.423894748518213,0.445417096681441,0.460248194648575,0.467083973915605,0.465495775686288,0.455884519227989,0.476076833973551,0.489934756998664,0.496719161229383,0.496678068882324,0.490605909307024,0.513252296864335,0.530667401322671,0.542183998953875,0.547621561821819,0.546913073898051,0.573326525166036,0.59297462896037,0.605262026710216,0.61080821275902,0.610407450258058,0.633920794534838,0.653199172382081,0.668066938115934,0.678888620196386,0.686309958535393,0.717055255567408,0.742625072247429,0.762561672817363,0.77729200393345,0.787499755808417,0.82150695331035,0.84959262899402,0.8706280145423,0.883825454177399,0.889725040989463,0.920497617945945,0.94444617800938,0.96329740373825,0.979185919291672,0.993265838294724,1.03585028748554,1.07440595477075,1.10798205904549,1.13589104978096,1.15841596811635,1.207481442286,1.25255093232505,1.29330410997637,1.32969965544102,1.36236305377254,1.41481845904783,1.46307587318019,1.50766343785547,1.54883630729166,1.58673195190118,,
Colombia,COL,"Population ages 75-79, male (% of male population)",SP.POP.7579.MA.5Y,0.441686789609628,0.445842297747178,0.446641626185372,0.446087163959009,0.445842639991229,0.44669638829102,0.452427924156142,0.456900679011363,0.460890504373005,0.465129935658679,0.470216651955797,0.479624489336038,0.488060414044536,0.496182201940598,0.504268985511107,0.51255982157182,0.527767804061671,0.540674958184311,0.551935217694193,0.562175977169272,0.571842196837913,0.581692403809028,0.590921517533016,0.600345717797648,0.610049198391931,0.619945756124023,0.63059381738021,0.641547694842266,0.65231097634977,0.661332802105787,0.667907739041567,0.67056532148786,0.670465736329919,0.672074995332348,0.679693294996583,0.694438940555351,0.710807324342456,0.731431675800027,0.754077952774892,0.775100921108839,0.79277102608904,0.803646238729423,0.811862443544614,0.820473425765102,0.832168429256326,0.847736730243335,0.860095558471794,0.874130288558116,0.8900611664554,0.907543174192237,0.926774153270159,0.944860527135945,0.964625938092907,0.987168477774047,1.01332008809669,1.04390521461948,,
Colombia,COL,"Population ages 75-79, female (% of female population)",SP.POP.7579.FE.5Y,0.631573997714019,0.632807774238067,0.630288560920819,0.626997122974383,0.625308644287157,0.626347764967031,0.628656640060948,0.630359732836955,0.632939229037627,0.637767057661524,0.645725015784889,0.655401717608755,0.666187695263056,0.677397829632591,0.687430034083658,0.695963714444251,0.705202004897289,0.710688602530738,0.715655351588837,0.723346779439316,0.735058064137186,0.748034538145677,0.763558746083665,0.781069849853568,0.799144543685817,0.817076907363912,0.829058044174928,0.841727466263248,0.854617222786139,0.866147498702732,0.875565241934596,0.875562442962353,0.872811489808623,0.87239267145657,0.879728260781767,0.896732375244448,0.91371941531286,0.937298425040029,0.964326659267116,0.99020386681753,1.0128662580561,1.02614198061041,1.03703192150521,1.04859874512361,1.06400196305034,1.08443033803355,1.0996981960972,1.11841006924582,1.14034130627843,1.16456091748109,1.19089914672734,1.2118680156637,1.2356290855349,1.26326703693447,1.295656543269,1.33357870635894,,
Colombia,COL,"Population ages 70-74, male (% of male population)",SP.POP.7074.MA.5Y,0.785991890885603,0.788366664043335,0.790854328751887,0.794387736999147,0.799823139667159,0.807556299588441,0.812689883911072,0.818345233840283,0.825547425254075,0.835498366593666,0.848916521629994,0.86042383564354,0.874311010806823,0.889393760656269,0.903653806729941,0.91621112962232,0.929017939520001,0.937543156179212,0.944259461465101,0.952142229277816,0.962509678894565,0.969593518931831,0.979447622409331,0.989635302718996,0.996961840681876,1.00080301267847,0.999952056962679,0.996028419443364,0.993092298531278,0.996722068248567,1.00950227616105,1.0264474322862,1.04929574031923,1.07404185547836,1.09618441226555,1.11435018353696,1.12413170670188,1.13216280426787,1.14028046285168,1.15084281487801,1.16528627525639,1.17785934725198,1.19319907335307,1.2108042188451,1.23049123272864,1.25274279873817,1.26825222261242,1.28836263226917,1.3134226302975,1.34329728782114,1.37836841196103,1.41074422613771,1.44692159216393,1.49116154410141,1.54931878453426,1.62424845331583,,
Colombia,COL,"Population ages 70-74, female (% of female population)",SP.POP.7074.FE.5Y,1.03700970817599,1.03244504636434,1.02923772031648,1.02901785369787,1.03323540537199,1.04213306251468,1.04402230507568,1.04956771442213,1.05794507900841,1.0676378741271,1.07815449231338,1.078865238211,1.08126375168444,1.08692443826638,1.09686325711634,1.11099584228006,1.12282865827471,1.13446044482245,1.14693328996758,1.16129222776484,1.17768262876655,1.18738648717825,1.20029154846919,1.2139582365967,1.22491214891697,1.23220407009,1.22844442490466,1.22201883062375,1.21760029286072,1.22165222752563,1.23704415082454,1.25281914591417,1.27708757791505,1.30535288945854,1.33211009767042,1.3550829556703,1.36544861705925,1.37455644862331,1.38451013819219,1.39789277405032,1.41604831251305,1.43032987012486,1.44841738947467,1.46974053670173,1.49383320501504,1.52081775801175,1.53946393311798,1.56342828930108,1.59292587036389,1.62771668278819,1.66813863625017,1.70397120872716,1.74444696948161,1.79435649386041,1.86048022649182,1.94616586064814,,
Colombia,COL,Population ages 65 and above (% of total),SP.POP.65UP.TO.ZS,3.17238360465387,3.19543044578203,3.21196953217473,3.22445699537328,3.23548544793846,3.24644723054791,3.2713291467611,3.2940517204921,3.3156085983198,3.33802399037958,3.36344591009361,3.40334516363621,3.4459143234597,3.48879522507439,3.52792144686583,3.56108213408515,3.61701258898288,3.65972384459539,3.69262564592819,3.72016754746988,3.74452576717672,3.77284038850444,3.80046506792018,3.82876115602549,3.85918232444974,3.8935548360705,3.9433081000247,3.99573992664225,4.04851378747995,4.09912824724348,4.14658940416579,4.20120475061124,4.25025302540028,4.29696006400854,4.34517714334845,4.39723006101707,4.46071175514547,4.52827397945252,4.59895826735643,4.67031309130434,4.74165167824272,4.82464170978544,4.90681181905545,4.99104114435737,5.08096391463031,5.17930936719979,5.28814111150936,5.40706723819121,5.53978850670554,5.69070656519703,5.86336965459439,6.05880484792996,6.27191158690283,6.50485063451522,6.76025074222047,7.03900523638371,,
Colombia,COL,"Population ages 65-69, male (% of male population)",SP.POP.6569.MA.5Y,1.23592411948484,1.24087004673663,1.24628181972279,1.25346253124451,1.26400572847327,1.27857477407776,1.28590842665489,1.2963879992529,1.3088594219543,1.32211655347153,1.33609219514314,1.34015495163993,1.34626969315568,1.35422563241695,1.3632949413746,1.37295330916733,1.38110361676474,1.38768948688529,1.39265709187759,1.39554393910876,1.3962950342836,1.38357225788194,1.3701192861518,1.36021548573947,1.35911170298651,1.36920598733929,1.38254384486015,1.40511596528587,1.43161104629385,1.45518716343227,1.47258372185878,1.47860838988687,1.48029039892612,1.4815915112979,1.48710271520603,1.49893589380903,1.50648011444339,1.52023238693768,1.53890190475817,1.56013200414021,1.58285949395641,1.60007785085452,1.62005528733842,1.64429331223992,1.67450518940246,1.71182359111931,1.74353085780825,1.78216389562782,1.83138703218423,1.89619622832139,1.97907335746694,2.06847396148206,2.17254026705753,2.28817543052777,2.41156499509996,2.54018199059237,,
Colombia,COL,"Population ages 65-69, female (% of female population)",SP.POP.6569.FE.5Y,1.50790205979233,1.50866288390192,1.51305373007526,1.51959382545193,1.52643493176521,1.53276677773251,1.52462801674696,1.51741259904442,1.51339552866124,1.51591240756925,1.52657414084183,1.53081147024763,1.54303564942354,1.56010977556723,1.57792776211374,1.59423226937522,1.604057789326,1.61181201648043,1.61754401680202,1.62112099137368,1.62243975286149,1.60910203782863,1.59508647817077,1.58486365792698,1.58439474157697,1.59659111613629,1.61071604093098,1.63634299923624,1.6673334650049,1.69573734190439,1.71754943060899,1.72470849987171,1.72768417705518,1.73038311194835,1.73769994007653,1.75186002648709,1.76057826502169,1.77651635736367,1.7979630932176,1.82208126891767,1.84749747246148,1.86690934217053,1.88938151777481,1.91630887239138,1.94934969331963,1.98962466784059,2.02443897923742,2.06655775332143,2.1201587092394,2.19111228769421,2.28237912786941,2.38217109379359,2.49936205898595,2.62963217063603,2.76738579927479,2.90888333260023,,
Colombia,COL,"Population ages 60-64, male (% of male population)",SP.POP.6064.MA.5Y,1.79086048668369,1.80023524771176,1.81141762228279,1.82356817512861,1.83540231557553,1.84603058300092,1.84091291922309,1.83628324496582,1.83342811830126,1.83414099733911,1.83923412257146,1.83420069678745,1.83690812030727,1.84280363948988,1.84508815598251,1.84045649384866,1.82649372639595,1.80334576748231,1.78029023869878,1.76914030466803,1.77453761782837,1.77892715636253,1.79885731687483,1.82600107315072,1.8491551315646,1.8630788826078,1.86330138295024,1.85858594407354,1.85262394601096,1.85060290754899,1.85495198687908,1.85813328077844,1.86664213459829,1.87985322261866,1.89652528083932,1.91601656525942,1.92910896621772,1.94836201314605,1.97383751895806,2.00512103933257,2.04227261327765,2.07790622258584,2.1181718190313,2.16842491888913,2.23634574637301,2.32550317234637,2.42019388943313,2.53409612223203,2.66236085924638,2.79806988038692,2.936893097752,3.0698382261927,3.20764248385053,3.34615395005246,3.47982335624411,3.60558358306798,,
Colombia,COL,"Population ages 60-64, female (% of female population)",SP.POP.6064.FE.5Y,2.05053267165338,2.04058418894524,2.02796789779631,2.01671801246453,2.01185515079496,2.01522482262329,2.00995425127464,2.01222574027521,2.01969169654482,2.02986422187751,2.04146309351895,2.04141359828917,2.04777907474113,2.0560423864539,2.0596419653058,2.05540945901388,2.04068105366403,2.01603532910522,1.99125811116646,1.97910675965252,1.98478817329911,1.99194452415797,2.01647498530049,2.04933358589626,2.078243985499,2.09720469367572,2.10095826980721,2.09939707429849,2.09618246496415,2.09682535920335,2.10393153383794,2.10895459754026,2.11959733806924,2.13492248908914,2.15339547499714,2.17436417571282,2.18920327069622,2.2102696762652,2.23738456886631,2.27000531515332,2.30831053880736,2.34626423193396,2.38864209882831,2.44130463776038,2.51294033626719,2.60776296848057,2.71189171536933,2.83752843713324,2.97866002720061,3.12660446852182,3.27588341588478,3.41909751008559,3.565732819706,3.71171882116225,3.85179054256847,3.98298659894895,,
Colombia,COL,"Population ages 55-59, male (% of male population)",SP.POP.5559.MA.5Y,2.43696087044473,2.43233902220014,2.42335770452493,2.41260853430128,2.40343188728141,2.39698099347161,2.37869556049428,2.36627061217326,2.35588157952299,2.3429955033637,2.32627317668431,2.29374383175877,2.26150774705959,2.23426691233194,2.21868559899009,2.21764352003676,2.22797392282675,2.24712601654732,2.26949813902138,2.28771757042143,2.2976070195753,2.28597554734342,2.27189767760555,2.25769141549148,2.24694246888957,2.2421986339319,2.2383365861573,2.24147466171929,2.24951062642807,2.26009147273838,2.27219530216153,2.28320138935083,2.29767647076496,2.31686577616432,2.34254540955379,2.37635376127154,2.4100698880831,2.45232499333726,2.506929568225,2.57941032708411,2.67254367127211,2.77959527918656,2.90335909515652,3.0394073355667,3.18257858826229,3.32942926208375,3.4677467053583,3.61364627519421,3.76112356403997,3.90144817005459,4.03006523725051,4.14019606818797,4.23803935607339,4.33224188219729,4.43602548575015,4.55610337719299,,
Colombia,COL,"Population ages 55-59, female (% of female population)",SP.POP.5559.FE.5Y,2.57117158827303,2.56684152796484,2.56702913777006,2.56995401036294,2.57342055716749,2.5758244077937,2.56420213682334,2.55607741858634,2.54811208258388,2.53661015203488,2.52066292076734,2.4893889793654,2.45734177063853,2.42967791794751,2.41391663401728,2.41362477582893,2.42673842185654,2.44968521332456,2.47654536376592,2.49932583374953,2.51341878937113,2.50783549458167,2.49921323617977,2.48971169271362,2.48302909590101,2.48196092298896,2.48187954660004,2.48878723068513,2.50036113219222,2.51388998811418,2.52818434670766,2.54020991956053,2.55544772800935,2.57532495581644,2.6016801184902,2.63609140210143,2.67060663143529,2.71340999926063,2.76910604767845,2.84424066238886,2.94204112298311,3.05654364974437,3.18958218560854,3.33590443746186,3.48881780566219,3.64380369207006,3.79092267000395,3.94382680606721,4.0967488414593,4.24146039857229,4.37368718113113,4.48858829774264,4.5899120036697,4.68645273107337,4.79193340602496,4.91346414639817,,
Colombia,COL,"Population ages 50-54, male (% of male population)",SP.POP.5054.MA.5Y,3.04970081882706,3.0286720593799,3.00869869612707,2.98704338828083,2.95944413715466,2.92386146896155,2.86946224183027,2.81082850947005,2.75666094751957,2.71941393366283,2.70482731899819,2.69962709991211,2.71851916149473,2.74861940580347,2.77165762130318,2.77767024888031,2.77248857905934,2.75044967721019,2.72106358611398,2.69697954853039,2.6837201536343,2.66528322182388,2.6598424052407,2.66288128444511,2.66804880817449,2.67271742057753,2.67712015382412,2.68641290809421,2.70102604771342,2.72184880594417,2.74953580227069,2.78222674487669,2.82052468017904,2.87097774754475,2.94225448111927,3.03810364431503,3.14811122986295,3.28114915395049,3.43065394149391,3.58651963257994,3.74170327532852,3.8938553735817,4.04634694751596,4.19539585581411,4.33630508252601,4.46616800093714,4.57310130676672,4.67019696481055,4.76480485424386,4.86777134254775,4.98500523322859,5.1099357265067,5.24410003034449,5.38275091566594,5.5195968813926,5.64920935319867,,
Colombia,COL,"Population ages 50-54, female (% of female population)",SP.POP.5054.FE.5Y,3.19734411698037,3.18609791241894,3.17271630711078,3.15526964866952,3.13075924220772,3.09787264279426,3.04566520841511,2.98814748550641,2.93468614740251,2.89857153071875,2.88618995079053,2.88477479772213,2.90839659004241,2.94390925982223,2.97253372098111,2.98388380901831,2.98445721823252,2.96758672363492,2.94288013404109,2.92330680327223,2.91449793626404,2.90131035001128,2.90074401654797,2.90813694051305,2.91684873352285,2.92424485824076,2.93084535946502,2.94159824373012,2.95709990713055,2.97847661382839,3.00671290645725,3.03943127596604,3.07728604336044,3.127498160948,3.19999418532342,3.29940650948538,3.4156935277848,3.55688584034236,3.71530469167463,3.87935123820212,4.04131472741168,4.19996217041456,4.35723297649169,4.50959596461706,4.65302599538424,4.78516325675524,4.8955680278901,4.99487054808247,5.09068176237275,5.19440146309933,5.31238677225897,5.4397076167355,5.57595350103879,5.71630134734829,5.85415384503754,5.98394072754818,,
Colombia,COL,"Population ages 45-49, male (% of male population)",SP.POP.4549.MA.5Y,3.63972000199356,3.57680112418254,3.50094862040073,3.42473991824041,3.36504498863064,3.32911050085847,3.30662603846031,3.30706376308748,3.31777513800707,3.3226652612964,3.31392214533991,3.29038322599139,3.2626969315568,3.23320011847608,3.20585166821181,3.18289594229764,3.17271533984687,3.1619885529943,3.15253840636692,3.14630700914839,3.14350656412602,3.13466629348199,3.13628797552679,3.14608340264184,3.16120496919256,3.18161843944283,3.21119288944431,3.24743498847904,3.29578555708349,3.36491866585825,3.45864028195209,3.57792341273896,3.71678407256595,3.86952371342607,4.02840045416266,4.1877092702188,4.34517129353038,4.50785010611756,4.66837485785963,4.81627575876895,4.94580656843399,5.06171688670209,5.15723310232051,5.24359185182429,5.33830264307424,5.45016049793469,5.56824945012291,5.70129162739627,5.84166597227382,5.97801109324592,6.10246527754927,6.22056532328247,6.33570966941816,6.43096164573274,6.48220635163766,6.47761590681421,,
Colombia,COL,"Population ages 45-49, female (% of female population)",SP.POP.4549.FE.5Y,3.78505529271622,3.72638643999724,3.65363603115721,3.58020913279803,3.52397273283216,3.4928811415438,3.47535382739592,3.48180470436893,3.49942490360638,3.51168297962753,3.51040222952809,3.49356524042093,3.47214415450897,3.4484866756058,3.4267303272209,3.40926600561333,3.40428546559546,3.39835391079367,3.39333600060839,3.39099563648604,3.39144450171958,3.38460942465829,3.38761843642112,3.39835487661575,3.41419287423984,3.43530285479075,3.46432984705053,3.49966363999051,3.54768669207976,3.61830355810312,3.71597860481709,3.83914542166494,3.98418907207665,4.14448309335369,4.31078584815403,4.47679214822904,4.63803981460001,4.80313115645058,4.96528003242761,5.11486719695612,5.24680174814396,5.36337150389973,5.45911536167415,5.54568777629443,5.64111933648528,5.75480404533891,5.87395713108591,6.00768812647569,6.14847959914215,6.28500883241116,6.40951176176587,6.52738226777126,6.64159674827546,6.73490138468258,6.7826047020006,6.77257730996262,,
Colombia,COL,"Population ages 40-44, male (% of male population)",SP.POP.4044.MA.5Y,4.11287382988059,4.08817569713825,4.08266716775229,4.08383983975674,4.07422937299786,4.04437945480283,3.99619345084298,3.93600124160267,3.87113987617221,3.81310794545387,3.76856418566139,3.73643808842922,3.72160062497287,3.7170255037567,3.7124113896052,3.70236195947354,3.70548895334474,3.70222928392902,3.69870637886117,3.70272019367724,3.71774540514074,3.73451534906004,3.76482598479421,3.81234524045067,3.88228599600219,3.97735045234132,4.1018665716696,4.24884007955234,4.41032658321907,4.5764502862182,4.74013974930854,4.91007118392231,5.07658505899542,5.23443368081687,5.37746367106928,5.50300846621249,5.61487840390718,5.71109949162482,5.80007899491437,5.89435830745365,6.0007376034155,6.12689580722123,6.25721752842236,6.38728921078502,6.51183511269647,6.62608809066777,6.73279670258581,6.84224674027012,6.93320187566417,6.97478451016914,6.95267886668281,6.88243502299691,6.75122579204109,6.5978930818109,6.48056627635566,6.43241202289381,,
Colombia,COL,"Population ages 40-44, female (% of female population)",SP.POP.4044.FE.5Y,4.24411987403003,4.22648889458926,4.2292926929551,4.23984811668258,4.24034314556882,4.22125337700895,4.18150571768287,4.1297971512979,4.07326467209796,4.02345820939151,3.98721075001578,3.96053203063595,3.95076577653275,3.95074311264273,3.95004988695251,3.94350486943794,3.94821284821944,3.945751177428,3.94249206656003,3.94658502380537,3.96190056858919,3.97728504876258,4.00590367815859,4.05205925394475,4.1221094646264,4.21961585067612,4.34696181523276,4.49933727696347,4.66750396280785,4.83963069734215,5.00764631249834,5.17741261934363,5.34333522972635,5.50116996205385,5.64570098887189,5.77444036724147,5.88434408030723,5.97905693008468,6.06751684182426,6.16276495318615,6.27182095195268,6.39656793016195,6.52679608317468,6.65836872822072,6.78585428884177,6.90401402851528,7.00884415557265,7.11587755809611,7.20400471003755,7.24227301428901,7.21623672810847,7.13781443390795,6.99640465359677,6.83145515647015,6.70228605936835,6.64320920145579,,
Colombia,COL,"Population ages 35-39, male (% of male population)",SP.POP.3539.MA.5Y,4.99320575827256,4.93792627387916,4.85841072905888,4.76672810128209,4.67952346880103,4.60544743287997,4.54252074065585,4.49270325824693,4.45216612095202,4.41671460535303,4.38539167006014,4.36509110670565,4.35828306063105,4.3611670062811,4.36849972569268,4.37842251293166,4.41326756868549,4.44189663328881,4.4783227365571,4.54188057701109,4.64075751912718,4.76206150270254,4.91626437437927,5.09104215633032,5.26921360589919,5.44093927976778,5.61928592814703,5.79587155007015,5.96256872601298,6.11037581136458,6.23468488253524,6.34645949945038,6.43063846748486,6.50186201836339,6.58089280629116,6.67831029005487,6.79394522666388,6.92366468002726,7.05848096117484,7.18438584588429,7.29172875712924,7.39949277523245,7.49643260395577,7.56555065962966,7.58302091539428,7.538107265839,7.43854314917842,7.28143740572994,7.10493432999697,6.96579809438879,6.89753087984713,6.90617315027201,6.97765372559833,7.09053184327234,7.21047200814259,7.31508598024683,,
Colombia,COL,"Population ages 35-39, female (% of female population)",SP.POP.3539.FE.5Y,5.12412527549903,5.07931366306588,5.01103995965644,4.93123602303296,4.85624599732164,4.79438137185463,4.73817438418359,4.69527829222854,4.66190786538802,4.63344834344318,4.60855346064048,4.58834029611631,4.58113813135612,4.58359665089494,4.59076744324516,4.60098755900827,4.63216947115667,4.65723924794355,4.69111511836961,4.75411535247159,4.85481829552205,4.97625753380548,5.13320521955718,5.3119548873441,5.4932171462653,5.66615505266092,5.84086409149648,6.01238826065118,6.17378091056438,6.31757070862331,6.43995678113228,6.54872162605737,6.63150758109759,6.70268758892131,6.78301942155813,6.88346215661085,6.99741657813008,7.12678622730992,7.26259855437025,7.39103500869583,7.50255397925244,7.61005321233013,7.70780697324884,7.77829497905006,7.79682521474332,7.75188204654933,7.6441444347764,7.47748878978039,7.29049138091791,7.14092958493425,7.06334464082066,7.05771874403601,7.11634765691036,7.21740380799783,7.32551617982405,7.41782505156489,,
Colombia,COL,"Population ages 30-34, male (% of male population)",SP.POP.3034.MA.5Y,5.71383269503457,5.63783799672493,5.56790380996038,5.50358643814686,5.44272084291877,5.38418494955611,5.32712952422825,5.27865240182911,5.24011043450295,5.21438878735945,5.20498056042554,5.2131107075292,5.24003298467948,5.28999055416418,5.36820674389325,5.47621545999361,5.63224959806761,5.79979502923009,5.9766015056375,6.16052162606453,6.34751572263745,6.52147999151132,6.7038471254702,6.88128958952425,7.03596080182398,7.16077771252769,7.27041873321795,7.35144719899989,7.41720157944363,7.48884784299448,7.57723918855816,7.68844977498685,7.80378245043394,7.91888365035943,8.02643353377883,8.11978827756272,8.20894112271878,8.29833111207371,8.36362776623851,8.36902471798035,8.29836873934828,8.17807040715612,7.98312178788351,7.76303505261553,7.58916171540974,7.50063997077841,7.48503317745781,7.54471893372716,7.65284414132103,7.76703103241953,7.86173287553643,7.96147061501816,8.04799624611333,8.11682293343183,8.16511479146082,8.19134977163257,,
Colombia,COL,"Population ages 30-34, female (% of female population)",SP.POP.3034.FE.5Y,5.82734107865407,5.76186837855749,5.70250261801514,5.64835378529834,5.59671407193239,5.54609634076942,5.49205600557425,5.44621640159798,5.40989493281149,5.38587972731008,5.37756161968892,5.38167405617671,5.40431468197586,5.45016265772249,5.5254035283711,5.63216643746933,5.78568677702208,5.95416849910109,6.13354030265656,6.31863649683015,6.50360269713484,6.66981497081082,6.84265711337383,7.01006954979541,7.15600117711796,7.27412724946354,7.37579155786753,7.45108630287289,7.5130628567763,7.58250105313828,7.67016066907973,7.7791963196998,7.8948145418609,8.01233155404402,8.12426071502216,8.22421818340787,8.31404339465715,8.40500428788321,8.47276087856243,8.48149871916981,8.41478385775432,8.29133798997516,8.09247699901257,7.8664625290023,7.68399144935235,7.58482331537778,7.55449627620194,7.60051020426325,7.6961092075994,7.79825631949601,7.88064647976161,7.9598661439879,8.02630301870155,8.07620908069219,8.10734696664167,8.11824496698389,,
Colombia,COL,"Population ages 25-29, male (% of male population)",SP.POP.2529.MA.5Y,6.68791831860473,6.61715971337897,6.54657324823771,6.48177592231701,6.42951618803624,6.39432373989004,6.36220459273839,6.34434816898743,6.35149342810869,6.40014190848586,6.49954045787719,6.63699424420402,6.8216917668504,7.0365196550615,7.25676078326568,7.46692837171467,7.68845523894054,7.8857917199532,8.05948644386659,8.21280911771571,8.34722928383493,8.43126953432754,8.49900162301147,8.55961229029004,8.62731545900816,8.7126616285066,8.8154862995627,8.92678087156967,9.0375755797752,9.13801965657647,9.22154258175485,9.29898003154332,9.36306520258739,9.39270270660286,9.35867469369199,9.25053960128623,9.08392748182523,8.8501225326061,8.59573456307715,8.38900688430305,8.27010178256494,8.24594810137133,8.29271141566734,8.38600488045526,8.48851883619331,8.57713350726067,8.65248692309114,8.72379187864612,8.78249566685321,8.81929880332459,8.83103184197765,8.82994508361307,8.79630186754996,8.74138259500837,8.68338282947402,8.63308264755016,,
Colombia,COL,"Population ages 25-29, female (% of female population)",SP.POP.2529.FE.5Y,6.73932124754643,6.67535843601515,6.61042571992576,6.55011137477906,6.50082581574384,6.4666747419158,6.43431473138006,6.41557485880604,6.42150672018367,6.46889262417554,6.5664381269228,6.70114997076451,6.88436384291722,7.09744368578153,7.31317558332207,7.51428663337274,7.72403302453882,7.90822199780746,8.06870748278871,8.20975455206382,8.33249143906621,8.40713004566445,8.46672421177514,8.51994883924425,8.58027325503016,8.65715309260017,8.75441254747777,8.86245105708092,8.97238659062513,9.07330273917617,9.15679325925715,9.23499226531628,9.30280961053208,9.33993446546487,9.3166732081778,9.22022818399587,9.05555897994193,8.82363716304813,8.56988425567494,8.36095730408665,8.23593676002662,8.19552394940872,8.22560712947021,8.30270455518742,8.38902902784372,8.46024082527981,8.51704815381654,8.56907246623407,8.60880866347278,8.62808195361804,8.62330876365639,8.60331313475399,8.55334658725528,8.48413867108239,8.41278208408614,8.34884986907789,,
Colombia,COL,"Population ages 20-24, male (% of male population)",SP.POP.2024.MA.5Y,7.89705392297221,7.85306357756679,7.81593521275708,7.80278752036013,7.83579185002556,7.92449289763564,8.0306950694319,8.18243284640878,8.36673562012685,8.56831393717875,8.77896228821831,8.9757256410728,9.19268260926175,9.41098042344163,9.60290591466345,9.75390977100078,9.87736639526347,9.93988821594865,9.97431037085584,10.0258221997735,10.115286549584,10.1797586389915,10.277130072776,10.3903313276683,10.4945707985695,10.5768815593254,10.630908145903,10.680111000888,10.6978731645478,10.6476783945563,10.5141696342185,10.2918325618083,9.9845121479651,9.65457593958813,9.38848863900189,9.23454282846127,9.1658843056902,9.19260114050102,9.28160368329756,9.38090618718132,9.46004156864194,9.53159752312295,9.58521355707834,9.61890918344198,9.63325682919981,9.62897787684642,9.58671423026449,9.52381887345003,9.44863432411983,9.37322450767455,9.30558896976662,9.24303658648702,9.18649483862226,9.12738179377521,9.05106136452139,8.9496361851763,,
Colombia,COL,"Population ages 20-24, female (% of female population)",SP.POP.2024.FE.5Y,7.83057472594779,7.79097250413651,7.75581017629863,7.74226136550792,7.7730475356342,7.85803462702841,7.96775842542724,8.12270566552819,8.30759631793606,8.50398064895933,8.70192920703275,8.88774175416699,9.0872309108063,9.28340201664461,9.4523850174004,9.58211295809308,9.69515157109678,9.74998099341738,9.77706109372506,9.81900463457618,9.89557136330219,9.95687328623229,10.0484350190703,10.1530296655273,10.2465718537667,10.3164684622171,10.3737770401506,10.4247241063544,10.4426889842744,10.391896293763,10.256893028549,10.0513865531666,9.76176165069133,9.44596184844633,9.1859560485827,9.02750002924133,8.95155365566897,8.96630528754898,9.03986553886496,9.12133980627397,9.17972904317048,9.23190018393671,9.2658256890879,9.27993358898062,9.27537586007762,9.25245302756866,9.20042781685445,9.12714063846548,9.03995399334641,8.95056043894023,8.8667572674757,8.79587340614443,8.73078838743819,8.66268800571771,8.57745550276288,8.46745227692731,,
Colombia,COL,Population ages 15-64 (% of total),SP.POP.1564.TO.ZS,50.3856706251505,50.1771578465195,50.0021656937426,49.8815374545264,49.8391344040342,49.8806271553503,49.8622820293666,49.946505329109,50.115185026248,50.3577552744532,50.676717065525,50.9717765638298,51.3981131649153,51.9117464124382,52.4486304581184,52.9714764355847,53.5921897096647,54.0965215993562,54.5552077769324,55.0645858835687,55.6557714073936,56.0864984646353,56.6428859483936,57.2420455001729,57.770924638688,58.1853337480587,58.5155059492046,58.7716910168521,58.9842414374318,59.2104160419971,59.481252722556,59.7931681538699,60.1131627962712,60.4582103081709,60.8441084383551,61.2764789682597,61.6995198827618,62.1908102978028,62.7204261481077,63.2407407477167,63.7257081663705,64.2217337377777,64.654101932256,65.0496236882074,65.4526243782879,65.8815640366241,66.2419143610292,66.6478631368042,67.0639704634528,67.4376978861059,67.7447048605081,68.0238775449428,68.2352738159398,68.3965563780583,68.5382449513451,68.6742214760737,,
Colombia,COL,"Population ages 15-19, male (% of male population)",SP.POP.1519.MA.5Y,9.6388448860688,9.76042139777534,9.92323178146287,10.1151212837134,10.3198155784982,10.5255587828577,10.6880195870263,10.8604205592537,11.0297974133559,11.1820539252246,11.3129607090802,11.3873008180664,11.4530272123606,11.5185135835872,11.5949414575886,11.6872144245512,11.7980185245095,11.8944613771533,11.9822286999947,12.0671544596571,12.1452803704415,12.1516984362062,12.1787250535525,12.1858111659525,12.1154235627488,11.9442592762357,11.6673223115148,11.3066674897621,10.9249549494414,10.6126729255503,10.4185511296673,10.3025231600301,10.2863960271653,10.3410926578604,10.4177793471058,10.4846580057648,10.5138752833803,10.5452431743447,10.5699738558563,10.575424453501,10.5538546835189,10.4917991852604,10.3924378990811,10.2738168256876,10.1609818305289,10.0658421397928,9.95868066465815,9.87331756779556,9.79512356566499,9.70008361875508,9.57550316354487,9.41696754998001,9.23014589165414,9.03558686984412,8.86340446062237,8.72927725378719,,
Colombia,COL,"Population ages 15-19, female (% of female population)",SP.POP.1519.FE.5Y,9.4352691812434,9.56214382986382,9.72905531110652,9.92156031843288,10.1204187557281,10.312958842616,10.4675173559908,10.6246996316134,10.7737707302687,10.9040216984176,11.0133572981374,11.0774415428667,11.1309674279089,11.1822065023565,11.24305193013,11.3195814937232,11.424212721785,11.5149987496782,11.5965520008922,11.6735329639199,11.7421380897595,11.7505293902192,11.774218949992,11.7743629630995,11.697058936156,11.5216376541065,11.2613581586397,10.9154375248579,10.5430945857663,10.2314149834137,10.0287354806001,9.92061833338139,9.90182831226399,9.94350741344975,9.99884244864644,10.0384720645263,10.0593576887724,10.0768457739846,10.0821986674067,10.065285190651,10.021254434699,9.95541030624593,9.85328004703668,9.73006595519864,9.60862261999226,9.50103287773521,9.39404747400983,9.304500070659,9.21853661598767,9.11448696610533,8.98187419604813,8.83103425811814,8.65257858533363,8.4644640655778,8.29401916763468,8.15645176882382,,
Colombia,COL,"Population ages 10-14, male (% of male population)",SP.POP.1014.MA.5Y,12.5675759533193,12.7609557068667,12.9411188361811,13.1090043776348,13.2527891283728,13.3503773548035,13.3653699873604,13.3560379809268,13.3365286203331,13.3375649042436,13.3823256574786,13.4368784831931,13.5439173646977,13.6749648008949,13.788412362338,13.8562792290933,13.9104304409063,13.9106482834493,13.8665112365034,13.7606895914706,13.5547098836882,13.1987391001691,12.7847554581979,12.344698933977,11.9551906932744,11.6894100482521,11.5387778208524,11.5006695014089,11.5391118415011,11.5955975235426,11.6266990130408,11.6340593805326,11.6285404995087,11.6122038576227,11.5836081712238,11.5333551044721,11.4290730858907,11.3073615858319,11.1717795304274,11.033252639768,10.9024821521044,10.7747783562584,10.6516313658309,10.5305484570632,10.3993642755737,10.2429334688624,10.0455335193982,9.83454678294949,9.6165434800213,9.41242456578045,9.24392180716852,9.111169759392,9.01057468836291,8.93112126204642,8.85017338697428,8.74771595720688,,
Colombia,COL,"Population ages 10-14, female (% of female population)",SP.POP.1014.FE.5Y,12.2361961119069,12.4171688853069,12.5784893428044,12.7235350132188,12.8444175979275,12.9228572004386,12.9288867352904,12.9113099950648,12.8840060752113,12.876340729769,12.9106832486796,12.9592022798143,13.0563172145092,13.1756917841137,13.2787208544567,13.3397669425077,13.3906057041099,13.3903354006499,13.3479281975964,13.2457452231162,13.0463453998143,12.7025931260435,12.3000131424541,11.8706766060236,11.4890568421031,11.2256204934385,11.0741257731085,11.0262225463637,11.0493970961354,11.0887910090746,11.1036074329079,11.1004270241506,11.0789854853654,11.0426530180867,10.9920699656342,10.9206763940533,10.8140392298629,10.6879863386202,10.5468974479559,10.4018022320662,10.2636229527526,10.1381165884662,10.0148854049263,9.89229499743296,9.75915398265864,9.60176470104967,9.41247993200491,9.20867881194632,8.99777009105059,8.79958588446137,8.6341090308019,8.50594723670933,8.40558144980233,8.32395257912181,8.2408073454165,8.1380202031687,,
Colombia,COL,"Population ages 5-9, male (% of male population)",SP.POP.0509.MA.5Y,15.803574831451,15.8961932729205,15.9128456013062,15.8599942381338,15.7696818560201,15.6815573867804,15.6590677074688,15.6777874766989,15.724369479657,15.7686454060775,15.768583858855,15.7591094043737,15.7486480621501,15.7067869985241,15.5921593754591,15.3727937606296,15.1242083324276,14.7128676189219,14.1801402448525,13.6317600687209,13.1919260171148,12.8970980078366,12.7763185670435,12.8060576223857,12.8991963454667,12.9390847522635,12.9420990985756,12.9188848807932,12.8586342058169,12.7661258158091,12.6538209448178,12.5500757601676,12.4031768348349,12.2172128733919,12.0118144539169,11.813430722247,11.632975251916,11.4764627509555,11.3356723437651,11.1895054637213,11.0131877264754,10.8202127387112,10.5908688288429,10.332055804753,10.0690025019022,9.83396500819424,9.64140620667985,9.49988335888601,9.40203702812621,9.31953815090634,9.21341506801474,9.08874750252387,8.93814181744042,8.76175431042301,8.57332782959193,8.39388911550028,,
Colombia,COL,"Population ages 5-9, female (% of female population)",SP.POP.0509.FE.5Y,15.2419448182068,15.3148843292922,15.3176941476856,15.257484863591,15.1645879936503,15.0763827842614,15.0507113263096,15.0658023502057,15.1091750198918,15.1512513230855,15.1506699223331,15.1405377483092,15.1280161888091,15.0852938666034,14.9746798632706,14.7668620875453,14.5261407048152,14.1308810575363,13.6199136031329,13.092929309105,12.668042275227,12.3771864870519,12.2510787650044,12.2682687649505,12.3469654853697,12.3770599499386,12.3651756932657,12.3278727251866,12.2560006424415,12.15494464308,12.0372511441354,11.9182544507061,11.7589074052482,11.564821575375,11.3552126691034,11.1552156822024,10.9745920479918,10.8150318833335,10.6704737012347,10.5226815905106,10.3496924452745,10.1612486079292,9.9386534113936,9.68914994683029,9.43670307452815,9.21188644643504,9.02638504309888,8.88661081342571,8.78659561225873,8.70139681007816,8.59630809579261,8.4743942604095,8.32870472153727,8.15974497448296,7.98032213869061,7.80998080919924,,
Colombia,COL,Population ages 0-14 (% of total),SP.POP.0014.TO.ZS,46.4419457701956,46.6274117076985,46.7858647740827,46.8940055501003,46.9253801480273,46.8729256141018,46.8663888238723,46.7594429503988,46.5692063754322,46.3042207351672,45.9598370243813,45.624878272534,45.155972511625,44.5994583624874,44.0234480950158,43.4674414303302,42.7907977013524,42.2437545560484,41.7521665771394,41.2152465689614,40.5997028254297,40.1406611468602,39.5566489836862,38.9291933438016,38.3698930368623,37.9211114158708,37.5411859507707,37.2325690565056,36.9672447750882,36.6904557107594,36.3721578732782,36.0056270955189,35.6365841783285,35.2448296278205,34.8107144182964,34.3262909707232,33.8397683620927,33.2809157227447,32.6806155845359,32.088946160979,31.5326401553868,30.9536245524369,30.4390862486885,29.9593351674352,29.4664117070818,28.9391265961762,28.4699445274614,27.9450696250046,27.3962410298417,26.8715955486971,26.3919254848976,25.9173176071273,25.4928145971574,25.0985929874265,24.7015043064344,24.2867732875426,,
Colombia,COL,"Population ages 0-4, male (% of male population)",SP.POP.0004.MA.5Y,18.9291214735174,18.8441263453732,18.8210358442584,18.8280582800941,18.816993185962,18.7625931147168,18.7682083605409,18.6544368539031,18.4375335012381,18.1254427627046,17.7321234197803,17.3464871535755,16.7732563690812,16.1176681261176,15.5319362611041,15.1166802153077,14.6257058706959,14.4833940256379,14.5637719390251,14.6760403155492,14.7000813410897,14.8947898125115,14.8471635365731,14.6305762935768,14.3687636902278,14.1487255204639,13.9274269416375,13.6932127174962,13.4633700350038,13.2352158609732,13.0086757562704,12.755101010576,12.5557597249416,12.3826798054401,12.1967913268762,11.9724064025695,11.7726219092495,11.4919263564347,11.1661289421996,10.8567231968379,10.6052286763272,10.3402180050926,10.1734883585111,10.0696587162218,9.96618200781606,9.82405201053744,9.73921963661904,9.55937512142982,9.31766716864574,9.07128897299821,8.85920651825707,8.63353065997721,8.45435274673948,8.31132543457337,8.1784988254979,8.03938840614929,,
Colombia,COL,"Population ages 0-4, female (% of female population)",SP.POP.0004.FE.5Y,18.116623503142,18.0325582086607,18.011512451757,18.0207655591217,18.0129166463802,17.9624255749096,17.9705160983951,17.8630855016184,17.6559638381368,17.3580024029493,16.9838186136972,16.61590698242,16.0700697375597,15.4467274409906,14.8891006301908,14.4904420693704,14.0122100402436,13.8668260067858,13.933275839628,14.0303931996147,14.0453525749076,14.2181864603131,14.1615772810595,13.9461336918386,13.6890910960259,13.4712668130767,13.2442465342601,13.008319642594,12.7786415207729,12.5516232810735,12.3264899208437,12.0666525513878,11.8623541279255,11.6859471875452,11.4990451547323,11.2757323048006,11.0753071848115,10.8028320268317,10.4906314790437,10.1948069535822,9.95245955644588,9.69446819516206,9.53085885652105,9.42760169070105,9.32546509699731,9.1870800368422,9.09870461857653,8.92525968517766,8.69642949929607,8.46386432206851,8.26216570187431,8.04643391236551,7.87423587955203,7.73565023530429,7.60662318361628,7.4716372184321,,
Colombia,COL,Teenage mothers (% of women ages 15-19 who have had children or are currently pregnant),SP.MTR.1519.ZS,,,,,,,,,,,,,,,,,,,,,,,,,,,13.6,,,,12.8,,,,,17.4,,,,,19.1,,,,,20.5,,,,,19.5,,,,,,,
Colombia,COL,Women who were first married by age 18 (% of women ages 20-24),SP.M18.2024.FE.ZS,,,,,,,,,,,,,,,,,,,,,,,,,,,23.3,,,,22,,,,,25.6,,,,,21.4,,,,,23.1,,,,,23,,,,,,,
Colombia,COL,Female headed households (% of households with a female head),SP.HOU.FEMA.ZS,,,,,,,,,,,,,,,,,,,,,,,,,,,,,,,22.7,,,,,23.6,,,,,28,,,,,30.3,,,,,34,,,,,,,
Colombia,COL,Wanted fertility rate (births per woman),SP.DYN.WFRT,,,,,,,,,,,,,,,,,,,,,,,,,,,2.1,,,,2.1,,,,,2.2,,,,,1.8,,,,,1.7,,,,,1.6,,,,,,,
Colombia,COL,"Survival to age 65, male (% of cohort)",SP.DYN.TO65.MA.ZS,50.6972,51.4506,52.204,52.778,53.352,53.926,54.5,55.074,55.4248,55.7756,56.1264,56.4772,56.828,57.3968,57.9656,58.5344,59.1032,59.672,60.192,60.712,61.232,61.752,62.272,62.4988,62.7256,62.9524,63.1792,63.406,63.372,63.338,63.304,63.27,63.236,63.8922,64.5484,65.2046,65.8608,66.517,66.9912,67.4654,67.9396,68.4138,68.888,69.19486,69.50173,69.80859,70.11546,70.42232,70.72885,71.03538,71.34192,71.64845,71.95498,72.2628,72.57062,72.87844,,
Colombia,COL,"Survival to age 65, female (% of cohort)",SP.DYN.TO65.FE.ZS,57.5774,58.3072,59.037,59.5974,60.1578,60.7182,61.2786,61.839,62.3618,62.8846,63.4074,63.9302,64.453,65.152,65.851,66.55,67.249,67.948,69.2264,70.5048,71.7832,73.0616,74.34,74.7844,75.2288,75.6732,76.1176,76.562,76.9514,77.3408,77.7302,78.1196,78.509,78.8294,79.1498,79.4702,79.7906,80.111,80.4252,80.7394,81.0536,81.3678,81.682,81.94101,82.20003,82.45904,82.71805,82.97706,83.16851,83.35996,83.55141,83.74285,83.9343,84.14893,84.36355,84.57817,,
Colombia,COL,"Fertility rate, total (births per woman)",SP.DYN.TFRT.IN,6.807,6.801,6.779,6.736,6.668,6.567,6.425,6.246,6.034,5.797,5.548,5.3,5.067,4.857,4.675,4.523,4.396,4.284,4.177,4.071,3.965,3.855,3.744,3.634,3.526,3.42,3.32,3.227,3.142,3.065,2.994,2.927,2.86,2.794,2.727,2.66,2.596,2.535,2.481,2.432,2.389,2.349,2.311,2.274,2.236,2.197,2.157,2.118,2.08,2.044,2.01,1.978,1.948,1.922,1.897,1.875,,
Colombia,COL,"Life expectancy at birth, male (years)",SP.DYN.LE00.MA.IN,55.047,55.577,56.068,56.531,56.972,57.389,57.777,58.129,58.447,58.739,59.021,59.307,59.612,59.944,60.306,60.698,61.117,61.549,61.978,62.394,62.785,63.142,63.463,63.744,63.981,64.166,64.289,64.357,64.384,64.39,64.405,64.464,64.589,64.791,65.073,65.424,65.823,66.235,66.633,67.003,67.337,67.636,67.911,68.173,68.423,68.661,68.889,69.106,69.314,69.515,69.712,69.907,70.102,70.299,70.499,70.703,,
Colombia,COL,"Life expectancy at birth, total (years)",SP.DYN.LE00.IN,56.716756097561,57.2477317073171,57.7392195121951,58.200756097561,58.6412682926829,59.0621707317073,59.4633414634146,59.8402195121951,60.1957804878049,60.5370487804878,60.8731951219512,61.2113902439024,61.5607804878049,61.9283902439024,62.3216097560976,62.7521463414634,63.2321219512195,63.7582682926829,64.3189756097561,64.9003414634146,65.4781707317073,66.0249268292683,66.5200731707317,66.9469268292683,67.2995365853659,67.5742926829269,67.7768048780488,67.9291951219512,68.0547317073171,68.1709756097561,68.2971951219512,68.4513170731707,68.6402195121951,68.8656341463415,69.1295853658537,69.4269268292683,69.7483658536585,70.075,70.3949512195122,70.7005609756098,70.9887073170732,71.2603902439024,71.5217317073171,71.7769024390244,72.0249512195122,72.2639268292683,72.4914390243902,72.705512195122,72.9071707317073,73.0969512195122,73.2778536585366,73.4548048780488,73.6307804878049,73.8097317073171,73.9931463414634,74.1820243902439,,
Colombia,COL,"Life expectancy at birth, female (years)",SP.DYN.LE00.FE.IN,58.47,59.002,59.494,59.954,60.394,60.819,61.234,61.637,62.032,62.425,62.818,63.211,63.607,64.012,64.438,64.909,65.453,66.078,66.777,67.532,68.306,69.052,69.73,70.31,70.784,71.153,71.439,71.68,71.909,72.141,72.384,72.638,72.894,73.144,73.389,73.63,73.87,74.107,74.345,74.583,74.823,75.066,75.313,75.561,75.807,76.047,76.274,76.485,76.68,76.858,77.022,77.18,77.336,77.496,77.662,77.835,,
Colombia,COL,"Mortality rate, infant, male (per 1,000 live births)",SP.DYN.IMRT.MA.IN,,,,,,,,,,,,,,,,,,,,,,,,,,,,,,,32.3,,,,,,,,,,23.8,,,,,,,,,,17.7,,,,,15.2,,
Colombia,COL,"Mortality rate, infant (per 1,000 live births)",SP.DYN.IMRT.IN,89.3,87.6,85.9,84.3,82.6,80.9,79,77.1,74.9,72.7,70.4,68.1,65.9,63.5,61,58.4,55.6,52.8,50,47.2,44.6,42,39.7,37.6,35.7,34.1,32.7,31.5,30.5,29.7,28.9,28.2,27.4,26.6,25.8,25,24.2,23.4,22.6,21.9,21.2,20.6,20,19.4,18.9,18.4,17.8,17.3,16.9,16.4,15.9,15.4,14.9,14.5,14.1,13.6,,
Colombia,COL,"Mortality rate, infant, female (per 1,000 live births)",SP.DYN.IMRT.FE.IN,,,,,,,,,,,,,,,,,,,,,,,,,,,,,,,25.4,,,,,,,,,,18.5,,,,,,,,,,13.9,,,,,12,,
Colombia,COL,"Contraceptive prevalence, any methods (% of women ages 15-49)",SP.DYN.CONU.ZS,,,,,,,,,,,,,,,,,42.5,,46.1,,48.5,,,,,,64.8,,,,66.1,,,,,72.2,,,,,76.9,,,,,78.2,,,,,79.1,,,,,,,
Colombia,COL,"Contraceptive prevalence, modern methods (% of women ages 15-49)",SP.DYN.CONM.ZS,,,,,,,,,,8.9,,,,,,,30.4,,37.3,,41,,,,,,52.4,,,,54.6,,,,,59.3,,,,,64,,,,,68.2,,,,,72.9,,,,,,,
Colombia,COL,"Death rate, crude (per 1,000 people)",SP.DYN.CDRT.IN,12.198,11.857,11.545,11.251,10.967,10.687,10.405,10.125,9.848,9.574,9.306,9.045,8.796,8.56,8.336,8.118,7.901,7.68,7.455,7.228,7.008,6.803,6.623,6.472,6.354,6.27,6.217,6.188,6.173,6.166,6.158,6.14,6.11,6.066,6.009,5.941,5.867,5.796,5.733,5.682,5.644,5.616,5.596,5.581,5.57,5.565,5.568,5.579,5.599,5.629,5.667,5.712,5.762,5.816,5.872,5.93,,
Colombia,COL,"Birth rate, crude (per 1,000 people)",SP.DYN.CBRT.IN,44.904,44.667,44.394,44.056,43.625,43.047,42.269,41.286,40.129,38.84,37.506,36.229,35.095,34.166,33.461,32.974,32.662,32.437,32.223,31.98,31.675,31.293,30.848,30.357,29.823,29.255,28.671,28.086,27.511,26.952,26.401,25.843,25.267,24.667,24.051,23.435,22.843,22.293,21.796,21.355,20.959,20.593,20.234,19.865,19.48,19.078,18.663,18.247,17.842,17.451,17.079,16.727,16.393,16.076,15.773,15.483,,
Colombia,COL,"Mortality rate, adult, male (per 1,000 male adults)",SP.DYN.AMRT.MA,297.543,292.653,287.763,284.217,280.67,277.124,273.577,270.031,268.21,266.389,264.568,262.747,260.926,259.507,258.088,256.669,255.25,253.831,252.555,251.278,250.002,248.726,247.45,248.347,249.245,250.142,251.04,251.937,255.321,258.706,262.09,265.474,268.859,263.326,257.793,252.261,246.728,241.195,237.494,233.793,230.093,226.392,222.691,219.663,216.635,213.607,210.579,207.551,205.236,202.921,200.607,198.292,195.977,194.032,192.086,190.14,,
Colombia,COL,"Mortality rate, adult, female (per 1,000 female adults)",SP.DYN.AMRT.FE,243.11,238.792,234.475,231.238,228.002,224.765,221.529,218.292,215.374,212.456,209.538,206.619,203.701,200.026,196.352,192.677,189.002,185.328,177.359,169.39,161.421,153.453,145.484,143.21,140.937,138.664,136.39,134.117,132.356,130.594,128.833,127.072,125.31,123.541,121.772,120.003,118.234,116.465,114.705,112.946,111.186,109.426,107.666,105.776,103.887,101.997,100.107,98.218,97.063,95.907,94.752,93.597,92.442,91.358,90.274,89.19,,
Colombia,COL,Completeness of total death reporting (% of reported total deaths to estimated total deaths),SP.DTH.REPT.ZS,,,,,,,,,,,,,,,,,,,,,,,,,,,,,,,,,,,,,,,,,,,,,,,79.089404870567,,71.2766302804042,77.4409831540459,,,,,,,,
Colombia,COL,Completeness of infant death reporting (% of reported infant deaths to estimated infant deaths),SP.DTH.INFR.ZS,,,,,,,,,,,,,,,,,,,,,,,,,,,,,,,,,,,,,,,,,,,,,,,60.2935387729854,,51.9578751381858,55.0693576233851,,,,,,,,
Colombia,COL,"Adolescent fertility rate (births per 1,000 women ages 15-19)",SP.ADO.TFRT,127.994,127.994,127.994,126.1352,124.2764,122.4176,120.5588,118.7,112.58,106.46,100.34,94.22,88.1,87.4334,86.7668,86.1002,85.4336,84.767,84.0016,83.2362,82.4708,81.7054,80.94,79.8838,78.8276,77.7714,76.7152,75.659,77.0676,78.4762,79.8848,81.2934,82.702,82.8194,82.9368,83.0542,83.1716,83.289,83.895,84.501,85.107,85.713,86.319,81.7922,77.2654,72.7386,68.2118,63.685,62.4794,61.2738,60.0682,58.8626,57.657,54.6654,51.6738,48.6822,,
Colombia,COL,Vitamin A supplementation coverage rate (% of children ages 6-59 months),SN.ITK.VITA.ZS,,,,,,,,,,,,,,,,,,,,,,,,,,,,,,,,,,,,,,,,,,,,,,,,,,,,,,,,,,
Colombia,COL,Consumption of iodized salt (% of households),SN.ITK.SALT.ZS,,,,,,,,,,,,,,,,,,,,,,,,,,,,,,,,,,,,,,92,,,,,,,,,,,,,,,,,,,,
Colombia,COL,Depth of the food deficit (kilocalories per person per day),SN.ITK.DFCT,,,,,,,,,,,,,,,,,,,,,,,,,,,,,,,,,101,95,88,79,73,69,68,69,70,68,66,62,61,61,65,67,65,64,67,75,79,78,73,67,62,
Colombia,COL,Prevalence of undernourishment (% of population),SN.ITK.DEFC.ZS,,,,,,,,,,,,,,,,,,,,,,,,,,,,,,,,14.6,13.8,12.8,11.7,10.7,10.2,10,10.1,10.2,9.9,9.6,9,8.9,8.9,9.5,9.7,9.4,9.2,9.6,10.7,11.2,11.1,10.3,9.5,8.8,,
Colombia,COL,International migrant stock (% of population),SM.POP.TOTL.ZS,,,,,,,,,,,,,,,,,,,,,,,,,,,,,,,0.304266834868313,,,,,0.285623249625153,,,,,0.271282821567065,,,,,0.248609030487619,,,,,0.270636192032419,,,,,0.276047226979187,,
Colombia,COL,"International migrant stock, total",SM.POP.TOTL,58675,,,,,74918,,,,,79591,,,,,84796,,,,,90848,,,,,97331,,,,,104277,,,,,106943,,,,,109609,,,,,107612,,,,,124271,,,,,133134,,
Colombia,COL,Refugee population by country or territory of origin,SM.POP.REFG.OR,,,,,,,,,,,,,,,,,,,,,,,,,,,,,,,494,740,843,1042,1363,1902,2168,2377,3538,4413,9279,17938,30625,37995,47381,60450,72796,551744,373532,389753,395577,395949,394117,396635,360298,340240,,
Colombia,COL,Refugee population by country or territory of asylum,SM.POP.REFG,,,,,,,,,,,,,,,,,,,,,,,,,,,,,,,460,450,478,298,316,218,220,223,226,230,239,210,205,186,141,155,143,168,170,196,212,219,219,224,213,226,,
Colombia,COL,Net migration,SM.POP.NETM,,,-253998,,,,,-281000,,,,,-289998,,,,,-286998,,,,,-273997,,,,,-254001,,,,,-223998,,,,,-190000,,,,,-159003,,,,,-143000,,,,,-144998,,,,,
Colombia,COL,Emigration rate of tertiary educated (% of total tertiary educated population),SM.EMI.TERT.ZS,,,,,,,,,,,,,,,,,,,,,,,,,,,,,,,10.6381576726611,,,,,,,,,,10.3830630869872,,,,,,,,,,,,,,,,,
Colombia,COL,"Health expenditure, total (% of GDP)",SH.XPD.TOTL.ZS,,,,,,,,,,,,,,,,,,,,,,,,,,,,,,,,,,,,6.75685008,8.16065798,8.95554088,8.72644655,8.67188966,5.90658511,5.96000372,5.66898945,5.92269295,5.37077635,5.8158366,6.1117047,6.25336641,6.61993597,7.01240715,6.75752454,6.63578902,6.93347013,6.8432,7.20129855,,,
Colombia,COL,"Health expenditure, public (% of GDP)",SH.XPD.PUBL.ZS,,,,,,,,,,,,,,,,,,,,,,,,,,,,,,,,,,,,3.72056981558363,5.06760660591024,5.59391405441944,6.10343910053269,6.45925159158559,4.68382686372351,4.69052384130857,4.54973605822316,4.89927743651169,4.08286676407635,4.31601707701768,4.53504230535562,4.5395265189077,4.69800725588716,5.14827378417631,4.97565293821669,5.01616469757047,5.27751219353019,5.21891836614512,5.40994315432844,,,
Colombia,COL,"Health expenditure, public (% of government expenditure)",SH.XPD.PUBL.GX.ZS,,,,,,,,,,,,,,,,,,,,,,,,,,,,,,,,,,,,17.20967816,20.36290815,22.12822196,22.68503519,20.99568734,19.30496151,16.8816462,16.71941133,18.59795763,15.37872082,15.70597986,16.43640642,16.69975205,18.00168356,18.29034748,18.10473843,20.55019034,18.87406411,18.14280077,18.14111324,,,
Colombia,COL,"Health expenditure, public (% of total health expenditure)",SH.XPD.PUBL,,,,,,,,,,,,,,,,,,,,,,,,,,,,,,,,,,,,55.06367274,62.09801487,62.46316252,69.94186082,74.48493748,79.29838945,78.70001533,80.25656245,82.72043609,76.02004809,74.21145699,74.20257568,72.59332368,70.96756339,73.41664102,73.63129662,75.59258865,76.11646253,76.26429691,75.12455034,,,
Colombia,COL,"Health expenditure, private (% of GDP)",SH.XPD.PRIV.ZS,,,,,,,,,,,,,,,,,,,,,,,,,,,,,,,,,,,,3.03628026441637,3.09305137408976,3.36162682558056,2.62300744946731,2.21263806841442,1.22275824627649,1.26947987869143,1.11925339177684,1.02341551348831,1.28790958592365,1.49981952298232,1.57666239464438,1.7138398910923,1.92192871411284,1.86413336582369,1.78187160178331,1.61962432242953,1.65595793646981,1.62428163385488,1.79135539567156,,,
Colombia,COL,"Health expenditure per capita, PPP (constant 2011 international $)",SH.XPD.PCAP.PP.KD,,,,,,,,,,,,,,,,,,,,,,,,,,,,,,,,,,,,415.93041136,513.70216407,583.90457572,569.74102415,542.58367158,388.96835356,402.34120161,392.70909064,428.88185647,415.285642,479.71084551,547.44596072,607.25822941,670.74776255,719.48735936,721.70375787,762.88529332,835.68539107,869.85664056,961.88797029,,,
Colombia,COL,Health expenditure per capita (current US$),SH.XPD.PCAP,,,,,,,,,,,,,,,,,,,,,,,,,,,,,,,,,,,,166.93250796,208.3591882,247.19503201,219.11293771,187.94799259,146.00666596,142.8050767,133.58622858,132.97824584,147.18106594,196.92570476,226.6878277,292.29559253,359.70788439,361.02757176,422.38951589,479.6196164,546.70837744,549.37060753,569.18529029,,,
Colombia,COL,Out-of-pocket health expenditure (% of private expenditure on health),SH.XPD.OOPC.ZS,,,,,,,,,,,,,,,,,,,,,,,,,,,,,,,,,,,,84.70798125,85.37579593,85.90470827,80.3440973,72.36163688,59.03613182,59.09757238,55.86487803,47.17115684,60.49547742,65.94489657,71.63118922,72.46824764,73.68793384,70.22488754,67.3710891,64.03130931,60.94093978,58.10407839,61.72761036,,,
Colombia,COL,Out-of-pocket health expenditure (% of total expenditure on health),SH.XPD.OOPC.TO.ZS,,,,,,,,,,,,,,,,,,,,,,,,,,,,,,,,,,,,38.06465567,32.35912148,32.24591073,24.14994059,18.46311689,12.2214301,12.58777386,11.0296473,8.1509702,14.50678639,17.00622801,18.47900183,19.86113806,21.39340268,18.66813395,17.76488265,15.62838505,14.55485219,13.79141153,15.35502064,,,
Colombia,COL,External resources for health (% of total expenditure on health),SH.XPD.EXTR.ZS,,,,,,,,,,,,,,,,,,,,,,,,,,,,,,,,,,,,0.12561731,0.3300432,0.27389625,0.30436484,0.35275477,0.31788509,0.17235546,0.04116317,1.53285752,1.43771401,1.1149321,0.72080457,0.54787879,0.06567257,0.04806146,0.10966649,0.18058356,0.57141091,0.16541421,1.33210731,,,
Colombia,COL,Newborns protected against tetanus (%),SH.VAC.TTNS.ZS,,,,,,,,,,,,,,,,,,,,,3,6,7,7,7,8,8,8,24,41,45,57,59,61,62,64,65,66,67,69,70,71,72,73,76,77,77,78,78,78,79,79,79,79,85,85,,
Colombia,COL,"Incidence of tuberculosis (per 100,000 people)",SH.TBS.INCD,,,,,,,,,,,,,,,,,,,,,,,,,,,,,,,,,,,,,,,,,36,35,34,35,33,30,32,31,32,31,31,32,32,31,30,31,,
Colombia,COL,"Tuberculosis case detection rate (%, all forms)",SH.TBS.DTEC.ZS,,,,,,,,,,,,,,,,,,,,,,,,,,,,,,,,,,,,,,,,,80,80,80,80,80,80,80,80,80,80,80,80,80,80,80,80,,
Colombia,COL,Tuberculosis treatment success rate (% of new cases),SH.TBS.CURE.ZS,,,,,,,,,,,,,,,,,,,,,,,,,,,,,,,,,,,,,,,,,80,71,73,80,80,71,71,77,56,75,74,73,72,71,76,,,
Colombia,COL,"Prevalence of severe wasting, weight for height (% of children under 5)",SH.SVR.WAST.ZS,,,,,,,,,,,,,,,,,,,,,,,,,,,0.400000005960464,,,,,,,,,0.5,,,,,0.400000005960464,,,,,0.400000005960464,,,,,0.200000002980232,,,,,,,
Colombia,COL,"Prevalence of severe wasting, weight for height, male (% of children under 5)",SH.SVR.WAST.MA.ZS,,,,,,,,,,,,,,,,,,,,,,,,,,,0.5,,,,,,,,,0.5,,,,,0.400000005960464,,,,,0.400000005960464,,,,,0.200000002980232,,,,,,,
Colombia,COL,"Prevalence of severe wasting, weight for height, female (% of children under 5)",SH.SVR.WAST.FE.ZS,,,,,,,,,,,,,,,,,,,,,,,,,,,0.300000011920929,,,,,,,,,0.600000023841858,,,,,0.300000011920929,,,,,0.400000005960464,,,,,0.100000001490116,,,,,,,
Colombia,COL,"Prevalence of wasting, weight for height (% of children under 5)",SH.STA.WAST.ZS,,,,,,,5,,,,,,,,,,,,,6.09999990463257,,,,,,,1.29999995231628,,,3.79999995231628,,,,,,1.70000004768372,,,,,1.10000002384186,,,,,1.5,,,,,0.899999976158142,,,,,,,
Colombia,COL,"Prevalence of wasting, weight for height, male (% of children under 5)",SH.STA.WAST.MA.ZS,,,,,,,,,,,,,,,,,,,,,,,,,,,1.5,,,,,,,,,1.70000004768372,,,,,1.10000002384186,,,,,1.70000004768372,,,,,0.899999976158142,,,,,,,
Colombia,COL,"Prevalence of wasting, weight for height, female (% of children under 5)",SH.STA.WAST.FE.ZS,,,,,,,,,,,,,,,,,,,,,,,,,,,1.10000002384186,,,,,,,,,1.70000004768372,,,,,1.10000002384186,,,,,1.39999997615814,,,,,0.899999976158142,,,,,,,
Colombia,COL,"Mortality caused by road traffic injury (per 100,000 people)",SH.STA.TRAF.P5,,,,,,,,,,,,,,,,,,,,,,,,,,,,,,,,,,,,,,,,,20.4,,,,,17.6,,,,,17.8,,,,,18.9,,
Colombia,COL,"Suicide mortality rate (per 100,000 population)",SH.STA.SUIC.P5,,,,,,,,,,,,,,,,,,,,,,,,,,,,,,,,,,,,,,,,,5.8,,,,,5.6,,,,,6.8,,,,,6.1,,
Colombia,COL,"Prevalence of stunting, height for age (% of children under 5)",SH.STA.STNT.ZS,,,,,,,38.0999984741211,,,,,,,,,,,,,28.2000007629395,,,,,,,25.8999996185303,,,21.7999992370605,,,,,,19.7000007629395,,,,,18.1000003814697,,,,,16.2000007629395,,,,,12.6999998092651,,,,,,,
Colombia,COL,"Prevalence of stunting, height for age, male (% of children under 5)",SH.STA.STNT.MA.ZS,,,,,,,,,,,,,,,,,,,,,,,,,,,29,,,,,,,,,22.1000003814697,,,,,19,,,,,17.7999992370605,,,,,13.6999998092651,,,,,,,
Colombia,COL,"Prevalence of stunting, height for age, female (% of children under 5)",SH.STA.STNT.FE.ZS,,,,,,,,,,,,,,,,,,,,,,,,,,,22.7000007629395,,,,,,,,,17.2000007629395,,,,,17.1000003814697,,,,,14.6999998092651,,,,,11.6000003814697,,,,,,,
Colombia,COL,"Prevalence of overweight, weight for height (% of children under 5)",SH.STA.OWGH.ZS,,,,,,,,,,,,,,,,,,,,,,,,,,,4.90000009536743,,,,,,,,,4.5,,,,,5.30000019073486,,,,,4.19999980926514,,,,,4.80000019073486,,,,,,,
Colombia,COL,"Prevalence of overweight, weight for height, male (% of children under 5)",SH.STA.OWGH.MA.ZS,,,,,,,,,,,,,,,,,,,,,,,,,,,4.80000019073486,,,,,,,,,4.90000009536743,,,,,6.30000019073486,,,,,4.30000019073486,,,,,5.40000009536743,,,,,,,
Colombia,COL,"Prevalence of overweight, weight for height, female (% of children under 5)",SH.STA.OWGH.FE.ZS,,,,,,,,,,,,,,,,,,,,,,,,,,,5,,,,,,,,,4.09999990463257,,,,,4.30000019073486,,,,,4.19999980926514,,,,,4.19999980926514,,,,,,,
Colombia,COL,Diarrhea treatment (% of children under 5 who received ORS packet),SH.STA.ORTH,,,,,,,,,,,,,,,,,,,,,,,,,,,6,12,,40,31.1,,,,,44.5,,,,,21.2,,,,,46.6,,,,,54.1,,,,,,,
Colombia,COL,Diarrhea treatment (% of children under 5 receiving oral rehydration and continued feeding),SH.STA.ORCF.ZS,,,,,,,,,,,,,,,,,,,,,,,,,,,48.3,,,,64.8,,,,,26.5,,,,,43.7,,,,,38.8,,,,,52,,,,,,,
Colombia,COL,People practicing open defecation (% of population),SH.STA.ODFC.ZS,,,,,,,,,,,,,,,,,,,,,,,,,,,,,,,16,15.4,14.7,14.1,13.6,13,12.5,12,11.5,11,10.5,10.1,9.6,9.1,8.7,8.2,7.8,7.3,6.9,6.5,6.1,5.6,5.2,4.9,4.5,4.4,,
Colombia,COL,"People practicing open defecation, urban (% of urban population)",SH.STA.ODFC.UR.ZS,,,,,,,,,,,,,,,,,,,,,,,,,,,,,,,3.5,3.4,3.4,3.3,3.2,3.1,3,2.9,2.8,2.8,2.7,2.6,2.5,2.4,2.3,2.2,2.1,2.1,2,1.9,1.8,1.7,1.6,1.5,1.5,1.5,,
Colombia,COL,"People practicing open defecation, rural (% of rural population)",SH.STA.ODFC.RU.ZS,,,,,,,,,,,,,,,,,,,,,,,,,,,,,,,42.8,41.6,40.4,39.2,38,36.8,35.6,34.4,33.2,32,30.8,29.6,28.4,27.2,26,24.8,23.6,22.5,21.3,20.1,18.9,17.7,16.5,15.3,14.1,14.1,,
Colombia,COL,"Maternal mortality ratio (national estimate, per 100,000 live births)",SH.STA.MMRT.NE,,,,,,,,,,,,,,,,,,,,,,,,,,,,,,,,,,,78,,,,100,92,105,99,84,77.8,79,73.1,75,76,62.8,72.88,,71.22,,,,,,
Colombia,COL,"Maternal mortality ratio (modeled estimate, per 100,000 live births)",SH.STA.MMRT,,,,,,,,,,,,,,,,,,,,,,,,,,,,,,,118,120,118,114,109,105,103,98,99,98,97,95,93,89,83,80,77,75,73,73,72,69,66,67,66,64,,
Colombia,COL,"Prevalence of underweight, weight for age (% of children under 5)",SH.STA.MALN.ZS,,,,,,,18.6000003814697,,,,,,,,,,,,,14.6999998092651,,,,,,,8.60000038146973,,,8.80000019073486,,,,,,6.30000019073486,,,,,4.90000009536743,,,,,5.09999990463257,,,,,3.40000009536743,,,,,,,
Colombia,COL,"Prevalence of underweight, weight for age, male (% of children under 5)",SH.STA.MALN.MA.ZS,,,,,,,,,,,,,,,,,,,,,,,,,,,9,,,,,,,,,7,,,,,4.90000009536743,,,,,5.5,,,,,3.5,,,,,,,
Colombia,COL,"Prevalence of underweight, weight for age, female (% of children under 5)",SH.STA.MALN.FE.ZS,,,,,,,,,,,,,,,,,,,,,,,,,,,8.10000038146973,,,,,,,,,5.5,,,,,5,,,,,4.69999980926514,,,,,3.29999995231628,,,,,,,
Colombia,COL,Female genital mutilation prevalence (%),SH.STA.FGMS.ZS,,,,,,,,,,,,,,,,,,,,,,,,,,,,,,,,,,,,,,,,,,,,,,,,,,,,,,,,,,
Colombia,COL,Diabetes prevalence (% of population ages 20 to 79),SH.STA.DIAB.ZS,,,,,,,,,,,,,,,,,,,,,,,,,,,,,,,,,,,,,,,,,,,,,,,,,,,,,,,,10,,
Colombia,COL,Low-birthweight babies (% of births),SH.STA.BRTW.ZS,,,,,,,,,,,,,,,,,,,,,,,,,,,,,,,7.2,,,,,8.7,,,,,8.7,,,,,6,,,,,,,9.5,,,,,
Colombia,COL,Births attended by skilled health staff (% of total),SH.STA.BRTC.ZS,,,,,,,,,,,,,,,,,,,,,,,,,,,71.1,,,,80.6,,,,,84.5,,,,,88.3,,,,,92.6,,,,,95.6,99.3,99.3,99.05,,,,
Colombia,COL,Exclusive breastfeeding (% of children under 6 months),SH.STA.BFED.ZS,,,,,,,,,,,,,,,,,,,,,,,,,,,,,,,,,,,,,,,,,26,,,,,46.8,,,,,42.8,,,,,,,
Colombia,COL,ARI treatment (% of children under 5 taken to a health provider),SH.STA.ARIC.ZS,,,,,,,,,,,,,,,,,,,,,,,,,,,,,,,44.5,,,,,48.7,,,,,51,,,,,62,,,,,65.3,,,,,,,
Colombia,COL,Pregnant women receiving prenatal care (%),SH.STA.ANVC.ZS,,,,,,,,,,,,,,,,,,,,,,,,,,,,,,,82,,,,,82.6,,,,,90.8,,,,,93.5,,,,,97,,,,,,,
Colombia,COL,"Improved sanitation facilities, urban (% of urban population with access)",SH.STA.ACSN.UR,,,,,,,,,,,,,,,,,,,,,,,,,,,,,,,82,82.1,82.2,82.4,82.5,82.6,82.8,82.9,83,83.2,83.3,83.4,83.6,83.7,83.8,84,84.1,84.2,84.4,84.5,84.6,84.8,84.9,85,85.2,85.2,,
Colombia,COL,"Improved sanitation facilities, rural (% of rural population with access)",SH.STA.ACSN.RU,,,,,,,,,,,,,,,,,,,,,,,,,,,,,,,40.9,42,43.2,44.3,45.4,46.5,47.7,48.8,49.9,51,52.2,53.3,54.4,55.6,56.7,57.8,58.9,60.1,61.2,62.3,63.4,64.6,65.7,66.8,67.9,67.9,,
Colombia,COL,Improved sanitation facilities (% of population with access),SH.STA.ACSN,,,,,,,,,,,,,,,,,,,,,,,,,,,,,,,69,69.6,70.2,70.9,71.5,72,72.5,73.1,73.6,74.1,74.6,75.1,75.6,76.1,76.6,77.1,77.5,78,78.4,78.9,79.3,79.8,80.2,80.6,81.1,81.1,,
Colombia,COL,"Number of surgical procedures (per 100,000 population)",SH.SGR.PROC.P5,,,,,,,,,,,,,,,,,,,,,,,,,,,,,,,,,,,,,,,,,,,,,,,,,,,,,,,,27385,,
Colombia,COL,Risk of impoverishing expenditure for surgical care (% of people at risk),SH.SGR.IRSK.ZS,,,,,,,,,,,,,,,,,,,,,,,,,,,,,,,,,,,,,,,,,,,,,,,,,,,,,,,44.6,,,
Colombia,COL,Risk of catastrophic expenditure for surgical care (% of people at risk),SH.SGR.CRSK.ZS,,,,,,,,,,,,,,,,,,,,,,,,,,,,,,,,,,,,,,,,,,,,,,,,,,,,,,,28.6,,,
Colombia,COL,"Smoking prevalence, males (% of adults)",SH.PRV.SMOK.MA,,,,,,,,,,,,,,,,,,,,,,,,,,,,,,,,,,,,,,,,,24.5,,,,,21.1,,,,,18.3,,17.2,,,16,,
Colombia,COL,"Smoking prevalence, females (% of adults)",SH.PRV.SMOK.FE,,,,,,,,,,,,,,,,,,,,,,,,,,,,,,,,,,,,,,,,,10.6,,,,,8.8,,,,,7.4,,6.9,,,6.2,,
Colombia,COL,Prevalence of anemia among pregnant women (%),SH.PRG.ANEM,,,,,,,,,,,,,,,,,,,,,,,,,,,,,,,,,,,,44.7,44.4,44.1,43.7,43.2,42.5,41.8,41,40.1,39.1,38.1,37,35.8,34.4,33,31.4,29.9,,,,,,
Colombia,COL,Lifetime risk of maternal death (%),SH.MMR.RISK.ZS,,,,,,,,,,,,,,,,,,,,,,,,,,,,,,,0.405371154580318,0.402418277287196,0.382402421336013,0.361426265469683,0.333711213815376,0.311870648299265,0.296335466609492,0.275101263182152,0.26848209270412,0.261085793481592,0.25146010963935,0.241523895778593,0.23202643232041,0.216805763571018,0.198297512533795,0.187545919256854,0.177367399242858,0.168600471317773,0.160547778362531,0.157518694501044,0.152028253941455,0.142548623094725,0.135094995173933,0.134440846193135,0.130029565815804,0.125686759130017,,
Colombia,COL,Lifetime risk of maternal death (1 in: rate varies by country),SH.MMR.RISK,,,,,,,,,,,,,,,,,,,,,,,,,,,,,,,250,250,260,280,300,320,340,360,370,380,400,410,430,460,500,530,560,590,620,630,660,700,740,740,770,800,,
Colombia,COL,Number of maternal deaths,SH.MMR.DTHS,,,,,,,,,,,,,,,,,,,,,,,,,,,,,,,1100,1100,1100,1000,960,920,890,850,840,840,820,800,780,740,690,660,630,610,580,580,560,530,510,510,490,480,,
Colombia,COL,Children with fever receiving antimalarial drugs (% of children under age 5 with fever),SH.MLR.TRET.ZS,,,,,,,,,,,,,,,,,,,,,,,,,,,,,,,,,,,,,,,,,,,,,,,,,,,,,,,,,,
Colombia,COL,Use of insecticide-treated bed nets (% of under-5 population),SH.MLR.NETS.ZS,,,,,,,,,,,,,,,,,,,,,,,,,,,,,,,,,,,,,,,,,0.6999999881,,,,,,,,,,,,,,,,,
Colombia,COL,"Incidence of malaria (per 1,000 population at risk)",SH.MLR.INCD.P3,,,,,,,,,,,,,,,,,,,,,,,,,,,,,,,,,,,,,,,,,59,,,,,32.2,,,,,29.8,,,,,12.3,,
Colombia,COL,"Specialist surgical workforce (per 100,000 population)",SH.MED.SAOP.P5,,,,,,,,,,,,,,,,,,,,,,,,,,,,,,,,,,,,,,,,,,,,,,,,,,,,,,,16.21,22.38,,
Colombia,COL,"Physicians (per 1,000 people)",SH.MED.PHYS.ZS,0.354155540466309,,,,,0.37746924161911,,,,,0.419699996709824,,,,,,,0.478399991989136,,,,,,,0.758400022983551,,0.807799994945526,,0.873099982738495,,0.96,1.004,1.046,1.085,1.11,0.99,1.162,1.192,1.222,1.25,1.32,1.34,1.35,1.37,1.38,1.377,1.396,1.415,1.434,1.452,1.471,,,,,,,
Colombia,COL,"Nurses and midwives (per 1,000 people)",SH.MED.NUMW.P3,,,,,,,,,,,,,,,,,,,,,,,,,,,,,,,0.401,0.412,0.422,0.431,0.443,0.453,0.463,0.47,0.491,0.506,,0.528,0.55,0.547,0.557,0.567,0.577,0.586,0.596,0.606,0.616,,,,,,,
Colombia,COL,"Community health workers (per 1,000 people)",SH.MED.CMHW.P3,,,,,,,,,,,,,,,,,,,,,,,,,,,,,,,,,,,,,,,,,,,,,,,,,,,,,,,,,,
Colombia,COL,"Hospital beds (per 1,000 people)",SH.MED.BEDS.ZS,2.57554721832275,,,,,,,,,,2.09730005264282,,,,,,,,,,1.56410002708435,,,,,,,,,1.25109994411469,1.3667000532,,,1.2999999523,,,1.4600000381,,,,,,,1.1000000238,1.2,,1,1,,,,1.4,1.5,,,,,
Colombia,COL,"Immunization, measles (% of children ages 12-23 months)",SH.IMM.MEAS,,,,,,,,,,,,,,,,,,,,,13,26,28,43,51,51,45,59,74,81,82,78,74,94,84,95,90,80,78,79,88,93,93,93,94,96,95,93,95,89,88,88,94,92,91,94,,
Colombia,COL,"Immunization, DPT (% of children ages 12-23 months)",SH.IMM.IDPT,,,,,,,,,,,,,,,,,,,,,16,20,26,42,61,61,48,58,74,78,88,84,78,88,85,85,85,84,73,74,79,80,81,92,89,93,93,93,92,92,88,85,91,91,90,91,,
Colombia,COL,Antiretroviral therapy coverage for PMTCT (% of pregnant women living with HIV),SH.HIV.PMTC.ZS,,,,,,,,,,,,,,,,,,,,,,,,,,,,,,,,,,,,,,,,,,,,,,,,,,,55,48,47,47,48,49,,
Colombia,COL,Incidence of HIV (% of uninfected population ages 15-49),SH.HIV.INCD.ZS,,,,,,,,,,,,,,,,,,,,,,,,,,,,,,,0.02,0.03,0.03,0.03,0.03,0.03,0.03,0.03,0.03,0.03,0.03,0.03,0.04,0.04,0.04,0.04,0.04,0.04,0.04,0.04,0.04,0.04,0.04,0.04,0.04,0.04,,
Colombia,COL,Adults (ages 15+) and children (ages 0-14) newly infected with HIV,SH.HIV.INCD.TL,,,,,,,,,,,,,,,,,,,,,,,,,,,,,,,4200,4800,5300,5400,5400,5600,5900,6300,6800,7200,7600,8000,8400,8700,9000,9200,9500,9700,9800,9900,10000,10000,10000,10000,10000,11000,,
Colombia,COL,Children (ages 0-14) newly infected with HIV,SH.HIV.INCD.14,,,,,,,,,,,,,,,,,,,,,,,,,,,,,,,500,500,500,500,500,500,500,500,500,500,500,500,500,500,500,500,500,500,500,200,200,200,200,500,500,200,,
Colombia,COL,Adults (ages 15+) newly infected with HIV,SH.HIV.INCD,,,,,,,,,,,,,,,,,,,,,,,,,,,,,,,4000,4600,4900,5000,5100,5200,5600,6000,6400,6900,7300,7700,8000,8400,8600,8900,9100,9400,9500,9700,9900,10000,10000,10000,10000,10000,,
Colombia,COL,Antiretroviral therapy coverage (% of people living with HIV),SH.HIV.ARTC.ZS,,,,,,,,,,,,,,,,,,,,,,,,,,,,,,,,,,,,,,,,,,,,,,,,,,,,,,,,,,
Colombia,COL,"Prevalence of HIV, male (% ages 15-24)",SH.HIV.1524.MA.ZS,,,,,,,,,,,,,,,,,,,,,,,,,,,,,,,0.1,0.1,0.1,0.1,0.1,0.1,0.2,0.2,0.2,0.2,0.2,0.2,0.2,0.2,0.2,0.3,0.3,0.3,0.3,0.3,0.3,0.3,0.3,0.3,0.3,0.3,,
Colombia,COL,"Prevalence of HIV, female (% ages 15-24)",SH.HIV.1524.FE.ZS,,,,,,,,,,,,,,,,,,,,,,,,,,,,,,,0.1,0.1,0.1,0.1,0.1,0.1,0.1,0.1,0.1,0.1,0.1,0.1,0.1,0.1,0.1,0.2,0.2,0.2,0.2,0.2,0.2,0.2,0.2,0.2,0.2,0.2,,
Colombia,COL,Children (0-14) living with HIV,SH.HIV.0014,,,,,,,,,,,,,,,,,,,,,,,,,,,,,,,1000,1000,1000,1000,1100,1200,1300,1400,1500,1500,1600,1700,1800,1800,1800,1800,1900,1900,1800,1700,1600,1600,1600,1500,1500,1400,,
Colombia,COL,Improved water source (% of population with access),SH.H2O.SAFE.ZS,,,,,,,,,,,,,,,,,,,,,,,,,,,,,,,88.4,88.6,88.8,89,89.1,89.2,89.4,89.5,89.6,89.7,89.9,90,90.1,90.2,90.3,90.5,90.6,90.7,90.8,90.9,91,91.1,91.2,91.3,91.3,91.4,,
Colombia,COL,"Improved water source, urban (% of urban population with access)",SH.H2O.SAFE.UR.ZS,,,,,,,,,,,,,,,,,,,,,,,,,,,,,,,97.5,97.5,97.4,97.4,97.4,97.3,97.3,97.3,97.3,97.2,97.2,97.2,97.1,97.1,97.1,97.1,97,97,97,96.9,96.9,96.9,96.9,96.8,96.8,96.8,,
Colombia,COL,"Improved water source, rural (% of rural population with access)",SH.H2O.SAFE.RU.ZS,,,,,,,,,,,,,,,,,,,,,,,,,,,,,,,68.8,69,69.2,69.4,69.6,69.9,70.1,70.3,70.5,70.7,71,71.2,71.4,71.6,71.8,72.1,72.3,72.5,72.7,72.9,73.2,73.4,73.6,73.8,73.8,73.8,,
Colombia,COL,Demand for family planning satisfied by modern methods (% of married women with demand for family planning),SH.FPL.SATM.ZS,,,,,,,,,,,,,,,,,,,,,,,,,,,67,,,,68.4,,,,,71,,,,,73.6,,,,,78.5,,,,,83.8,,,,,,,
Colombia,COL,"Mortality rate, neonatal (per 1,000 live births)",SH.DYN.NMRT,,,,,,,,,,,,,,,,,,,,,,,,,,,,,,,17.9,17.6,17.2,16.8,16.3,15.9,15.4,14.9,14.4,14,13.5,13.1,12.7,12.3,12,11.7,11.4,11,10.7,10.4,10,9.7,9.4,9.1,8.8,8.5,,
Colombia,COL,"Mortality from CVD, cancer, diabetes or CRD between exact ages 30 and 70 (%)",SH.DYN.NCOM.ZS,,,,,,,,,,,,,,,,,,,,,,,,,,,,,,,,,,,,,,,,,19,,,,,17,,,,,16,,,,,15,,
Colombia,COL,"Mortality rate, under-5, male (per 1,000 live births)",SH.DYN.MORT.MA,,,,,,,,,,,,,,,,,,,,,,,,,,,,,,,39,,,,,,,,,,28,,,,,,,,,,20.6,,,,,17.6,,
Colombia,COL,"Mortality rate, under-5, female (per 1,000 live births)",SH.DYN.MORT.FE,,,,,,,,,,,,,,,,,,,,,,,,,,,,,,,31.1,,,,,,,,,,22,,,,,,,,,,16.3,,,,,14,,
Colombia,COL,"Mortality rate, under-5 (per 1,000 live births)",SH.DYN.MORT,127.3,124.6,122,119.4,116.7,114,111.1,108,104.6,101.1,97.6,94,90.4,86.7,82.8,78.7,74.3,69.9,65.5,61.3,57.4,53.7,50.3,47.3,44.6,42.3,40.3,38.7,37.4,36.2,35.1,34.1,33.1,32.1,31,30,28.9,27.9,26.9,26,25.1,24.3,23.6,22.9,22.2,21.5,20.9,20.3,19.7,19.1,18.5,18,17.4,16.9,16.4,15.9,,
Colombia,COL,"Prevalence of HIV, total (% of population ages 15-49)",SH.DYN.AIDS.ZS,,,,,,,,,,,,,,,,,,,,,,,,,,,,,,,0.1,0.1,0.1,0.2,0.2,0.2,0.2,0.2,0.2,0.2,0.3,0.3,0.3,0.3,0.3,0.3,0.3,0.4,0.4,0.4,0.4,0.4,0.4,0.4,0.5,0.5,,
Colombia,COL,Women's share of population ages 15+ living with HIV (%),SH.DYN.AIDS.FE.ZS,,,,,,,,,,,,,,,,,,,,,,,,,,,,,,,50.3258036490009,50.4626302551204,50.0512820512821,48.9323784693574,46.7926521509478,43.8525892195277,40.6178517252173,37.7396702401655,35.6319980597437,34.4247325854422,33.707205963556,33.1552946460078,32.608241889313,32.0478889243006,31.5005682992354,30.982291691832,30.5034260150631,30.0702333354488,29.6979517631831,29.3873894053085,29.1066333808845,28.8106043124888,28.4467600130251,28.0621529919803,27.6816760658037,27.3408472922764,,
Colombia,COL,Number of neonatal deaths,SH.DTH.NMRT,,,,,,,,,,,,,,,,,,,,,,,,,,,,,,,15766,15589,15356,15109,14699,14276,13627,12894,12152,11571,11036,10742,10548,10386,10255,10016,9644,9105,8614,8146,7667,7346,7076,6837,6603,6356,,
Colombia,COL,"Cause of death, by non-communicable diseases (% of total)",SH.DTH.NCOM.ZS,,,,,,,,,,,,,,,,,,,,,,,,,,,,,,,,,,,,,,,,,60.8,,,,,66.8,,,,,69.9,,,,,72.5,,
Colombia,COL,Number of under-five deaths,SH.DTH.MORT,88556,89156,90104,91109,91759,91921,91508,90420,88417,85568,81964,77513,72353,67112,62574,59207,56778,55512,54644,53475,51654,49147,46167,43096,40211,37832,35864,34317,33106,32041,31105,30329,29625,28908,27980,26963,25661,24288,22881,21686,20708,20045,19658,19340,18941,18364,17686,16853,15943,15070,14307,13743,13190,12772,12364,11934,,
Colombia,COL,"Cause of death, by injury (% of total)",SH.DTH.INJR.ZS,,,,,,,,,,,,,,,,,,,,,,,,,,,,,,,,,,,,,,,,,25.9,,,,,20,,,,,18.9,,,,,16.9,,
Colombia,COL,Number of infant deaths,SH.DTH.IMRT,62821,63570,64526,65575,66302,66600,66198,65498,64074,62053,59332,55821,51976,48116,45007,43007,42229,42235,42429,42141,41187,39206,36967,34598,32369,30550,29077,27866,26909,26195,25529,25048,24527,23982,23323,22499,21461,20293,19111,18137,17365,16923,16642,16410,16179,15778,15082,14342,13627,12866,12208,11680,11232,10910,10595,10183,,
Colombia,COL,"Cause of death, by communicable diseases and maternal, prenatal and nutrition conditions (% of total)",SH.DTH.COMM.ZS,,,,,,,,,,,,,,,,,,,,,,,,,,,,,,,,,,,,,,,,,13.2,,,,,13.2,,,,,11.1,,,,,10.5,,
Colombia,COL,"Condom use, population ages 15-24, male (% of males ages 15-24)",SH.CON.1524.MA.ZS,,,,,,,,,,,,,,,,,,,,,,,,,,,,,,,,,,,,,,,,,,,,,,,,,,,,,,,,,,
Colombia,COL,"Condom use, population ages 15-24, female (% of females ages 15-24)",SH.CON.1524.FE.ZS,,,,,,,,,,,,,,,,,,,,,,,,,,,,,,,,,,,,9.8,,,,,18.4,,,,,23.5,,,,,30.7,,,,,,,
Colombia,COL,Prevalence of anemia among non-pregnant women (% of women ages 15-49),SH.ANM.NPRG.ZS,,,,,,,,,,,,,,,,,,,,,,,,,,,,,,,,,,,,34.8,35.8,36.8,37.6,38.2,38.6,38.7,38.4,37.8,36.7,35.2,33.1,30.4,27.4,24.2,21.3,19,,,,,,
Colombia,COL,Prevalence of anemia among children (% of children under 5),SH.ANM.CHLD.ZS,,,,,,,,,,,,,,,,,,,,,,,,,,,,,,,35.8,35.2,34.7,34.5,34.4,34.4,34.6,34.7,34.9,34.9,35,35,34.9,34.9,34.5,33.9,32.9,31.8,30.5,29.4,28.5,27.9,,,,,,
Colombia,COL,Prevalence of anemia among women of reproductive age (% of women ages 15-49),SH.ANM.ALLW.ZS,,,,,,,,,,,,,,,,,,,,,,,,,,,,,,,,,,,,35.4,36.3,37.2,38,38.5,38.8,38.8,38.5,37.9,36.9,35.4,33.3,30.7,27.7,24.6,21.8,19.5,,,,,,
Colombia,COL,"Total alcohol consumption per capita (liters of pure alcohol, projected estimates, 15+ years of age)",SH.ALC.PCAP.LI,,,,,,,,,,,,,,,,,,,,,,,,,,,,,,,,,,,,,,,,,,,,,,,,,,,,,,,,6.6,,
Colombia,COL,Women who believe a husband is justified in beating his wife when she refuses sex with him (%),SG.VAW.REFU.ZS,,,,,,,,,,,,,,,,,,,,,,,,,,,,,,,,,,,,,,,,,,,,,,,,,,,0.2,,,,,,,
Colombia,COL,Women who believe a husband is justified in beating his wife (any of five reasons) (%),SG.VAW.REAS.ZS,,,,,,,,,,,,,,,,,,,,,,,,,,,,,,,,,,,,,,,,,,,,,,,,,,,2.3,,,,,,,
Colombia,COL,Women who believe a husband is justified in beating his wife when she neglects the children (%),SG.VAW.NEGL.ZS,,,,,,,,,,,,,,,,,,,,,,,,,,,,,,,,,,,,,,,,,,,,,,,,,,,1.9,,,,,,,
Colombia,COL,Women who believe a husband is justified in beating his wife when she goes out without telling him (%),SG.VAW.GOES.ZS,,,,,,,,,,,,,,,,,,,,,,,,,,,,,,,,,,,,,,,,,,,,,,,,,,,0.3,,,,,,,
Colombia,COL,Women who believe a husband is justified in beating his wife when she burns the food (%),SG.VAW.BURN.ZS,,,,,,,,,,,,,,,,,,,,,,,,,,,,,,,,,,,,,,,,,,,,,,,,,,,0.2,,,,,,,
Colombia,COL,Women who believe a husband is justified in beating his wife when she argues with him (%),SG.VAW.ARGU.ZS,,,,,,,,,,,,,,,,,,,,,,,,,,,,,,,,,,,,,,,,,,,,,,,,,,,0.4,,,,,,,
Colombia,COL,Proportion of women subjected to physical and/or sexual violence in the last 12 months (% of women age 15-49),SG.VAW.1549.ZS,,,,,,,,,,,,,,,,,,,,,,,,,,,,,,,,,,,,,,,,,,,,,,,,,,,,,,,,,,